{
   "agent": "TesteeServer",
   "behavior": "UNIMPLEMENTED",
   "behaviorClose": "OK",
   "case": 452,
   "closedByMe": true,
   "createStats": true,
   "createWirelog": false,
   "description": "Send 1000 compressed messages each of payload size 4096, auto-fragment to 0 octets. Use permessage-deflate client offers (requestNoContextTakeover, requestMaxWindowBits): [(False, 15)]",
   "droppedByMe": false,
   "duration": 46,
   "expectation": "Receive echo'ed messages (with payload as sent). Timeout case after 480 secs.",
   "expected": {},
   "expectedClose": {
      "closeCode": [
         1000
      ],
      "closedByMe": true,
      "requireClean": true
   },
   "failedByMe": false,
   "httpRequest": "GET / HTTP/1.1\r\nUser-Agent: AutobahnTestSuite/0.7.6-0.10.9\r\nHost: technikempire.com:80\r\nUpgrade: WebSocket\r\nConnection: Upgrade\r\nPragma: no-cache\r\nCache-Control: no-cache\r\nSec-WebSocket-Key: mvIoUz5T7D34j8PbjEJDJA==\r\nSec-WebSocket-Extensions: permessage-deflate; client_no_context_takeover; client_max_window_bits; server_max_window_bits=15\r\nSec-WebSocket-Version: 13\r\n\r\n",
   "httpResponse": "HTTP/1.1 101 Switching Protocols\r\nConnection: Upgrade\r\nDate: Wed, 18 Apr 2018 01:12:47 GMT\r\nServer: Kestrel\r\nUpgrade: websocket\r\nSec-WebSocket-Accept: 1NBDpTTInqn+atEl7AXAuSMgUOw=\r\n\r\n",
   "id": "13.4.5",
   "isServer": false,
   "localCloseCode": 1000,
   "localCloseReason": null,
   "received": [],
   "remoteCloseCode": 1000,
   "remoteCloseReason": null,
   "reportCompressionRatio": true,
   "reportTime": true,
   "result": "Actual events differ from any expected.",
   "resultClose": "Connection was properly closed",
   "rxFrameStats": {
      "8": 1
   },
   "rxOctetStats": {
      "4": 1,
      "183": 1
   },
   "started": "2018-04-18T01:12:48.209Z",
   "trafficStats": null,
   "txFrameStats": {
      "8": 1
   },
   "txOctetStats": {
      "8": 1,
      "371": 1
   },
   "wasClean": true,
   "wasCloseHandshakeTimeout": false,
   "wasNotCleanReason": null,
   "wasOpenHandshakeTimeout": false,
   "wasServerConnectionDropTimeout": false,
   "wirelog": [
      [
         "TO",
         [
            371,
            "474554202f20485454502f312e310d0a557365722d4167656e743a204175746f6261686e5465737453756974652f302e372e362d302e31302e390d0a486f7374 ..."
         ],
         false
      ],
      [
         "RO",
         [
            183,
            "485454502f312e312031303120537769746368696e672050726f746f636f6c730d0a436f6e6e656374696f6e3a20557067726164650d0a446174653a20576564 ..."
         ]
      ],
      [
         "WLM",
         false
      ]
   ]
}