{
   "agent": "TesteeServer",
   "behavior": "OK",
   "behaviorClose": "OK",
   "case": 20,
   "closedByMe": true,
   "createStats": true,
   "createWirelog": true,
   "description": "Send ping with binary payload of 125 octets.",
   "droppedByMe": false,
   "duration": 43,
   "expectation": "Pong with payload echo'ed is sent in reply to Ping. Clean close with normal code.",
   "expected": {
      "OK": [
         [
            "pong",
            "0xfefefefefefefefefefefefefefefefefefefefefefefefefefefefefefefefefefefefefefefefefefefefefefefefefefefefefefefefefefefefefefefefe ..."
         ]
      ]
   },
   "expectedClose": {
      "closeCode": [
         1000
      ],
      "closedByMe": true,
      "requireClean": true
   },
   "failedByMe": false,
   "httpRequest": "GET / HTTP/1.1\r\nUser-Agent: AutobahnTestSuite/0.7.6-0.10.9\r\nHost: technikempire.com:80\r\nUpgrade: WebSocket\r\nConnection: Upgrade\r\nPragma: no-cache\r\nCache-Control: no-cache\r\nSec-WebSocket-Key: SMMuITkVe3OnivdUnD2tpA==\r\nSec-WebSocket-Version: 13\r\n\r\n",
   "httpResponse": "HTTP/1.1 101 Switching Protocols\r\nConnection: Upgrade\r\nDate: Wed, 18 Apr 2018 00:51:48 GMT\r\nServer: Kestrel\r\nUpgrade: websocket\r\nSec-WebSocket-Accept: P8KGo3pwnVZSzXb2Wc+iGu8Ui0U=\r\n\r\n",
   "id": "2.4",
   "isServer": false,
   "localCloseCode": 1000,
   "localCloseReason": null,
   "received": [
      [
         "pong",
         "0xfefefefefefefefefefefefefefefefefefefefefefefefefefefefefefefefefefefefefefefefefefefefefefefefefefefefefefefefefefefefefefefefe ..."
      ]
   ],
   "remoteCloseCode": 1000,
   "remoteCloseReason": null,
   "reportCompressionRatio": false,
   "reportTime": false,
   "result": "Actual events match at least one expected.",
   "resultClose": "Connection was properly closed",
   "rxFrameStats": {
      "8": 1,
      "10": 1
   },
   "rxOctetStats": {
      "4": 1,
      "127": 1,
      "183": 1
   },
   "started": "2018-04-18T00:51:49.123Z",
   "trafficStats": null,
   "txFrameStats": {
      "8": 1,
      "9": 1
   },
   "txOctetStats": {
      "8": 1,
      "131": 1,
      "246": 1
   },
   "wasClean": true,
   "wasCloseHandshakeTimeout": false,
   "wasNotCleanReason": null,
   "wasOpenHandshakeTimeout": false,
   "wasServerConnectionDropTimeout": false,
   "wirelog": [
      [
         "TO",
         [
            246,
            "474554202f20485454502f312e310d0a557365722d4167656e743a204175746f6261686e5465737453756974652f302e372e362d302e31302e390d0a486f7374 ..."
         ],
         false
      ],
      [
         "RO",
         [
            183,
            "485454502f312e312031303120537769746368696e672050726f746f636f6c730d0a436f6e6e656374696f6e3a20557067726164650d0a446174653a20576564 ..."
         ]
      ],
      [
         "TF",
         [
            125,
            "0xfefefefefefefefefefefefefefefefefefefefefefefefefefefefefefefefefefefefefefefefefefefefefefefefefefefefefefefefefefefefefefefefe ..."
         ],
         9,
         true,
         0,
         "37050da6",
         null,
         null,
         false
      ],
      [
         "TO",
         [
            131,
            "89fd37050da6c9fbf358c9fbf358c9fbf358c9fbf358c9fbf358c9fbf358c9fbf358c9fbf358c9fbf358c9fbf358c9fbf358c9fbf358c9fbf358c9fbf358c9fb ..."
         ],
         false
      ],
      [
         "TI",
         1
      ],
      [
         "RO",
         [
            127,
            "8a7dfefefefefefefefefefefefefefefefefefefefefefefefefefefefefefefefefefefefefefefefefefefefefefefefefefefefefefefefefefefefefefe ..."
         ]
      ],
      [
         "RF",
         [
            125,
            "0xfefefefefefefefefefefefefefefefefefefefefefefefefefefefefefefefefefefefefefefefefefefefefefefefefefefefefefefefefefefefefefefefe ..."
         ],
         10,
         true,
         0,
         false,
         null
      ],
      [
         "TF",
         [
            2,
            "0x03e8"
         ],
         8,
         true,
         0,
         "b761b5ab",
         null,
         null,
         false
      ],
      [
         "TO",
         [
            8,
            "8882b761b5abb489"
         ],
         false
      ],
      [
         "RO",
         [
            4,
            "880203e8"
         ]
      ],
      [
         "RF",
         [
            2,
            "0x03e8"
         ],
         8,
         true,
         0,
         false,
         null
      ]
   ]
}