{
   "agent": "TesteeServer",
   "behavior": "OK",
   "behaviorClose": "OK",
   "case": 28,
   "closedByMe": false,
   "createStats": true,
   "createWirelog": true,
   "description": "Send small text message with <b>RSV = 1</b>.",
   "droppedByMe": false,
   "duration": 40,
   "expectation": "The connection is failed immediately (1002/protocol error), since RSV must be 0, when no extension defining RSV meaning has been negotiated.",
   "expected": {
      "OK": []
   },
   "expectedClose": {
      "closeCode": [
         1002
      ],
      "closedByMe": false,
      "requireClean": false
   },
   "failedByMe": false,
   "httpRequest": "GET / HTTP/1.1\r\nUser-Agent: AutobahnTestSuite/0.7.6-0.10.9\r\nHost: technikempire.com:80\r\nUpgrade: WebSocket\r\nConnection: Upgrade\r\nPragma: no-cache\r\nCache-Control: no-cache\r\nSec-WebSocket-Key: txUSPX5omndQ6/Xol0f7nQ==\r\nSec-WebSocket-Version: 13\r\n\r\n",
   "httpResponse": "HTTP/1.1 101 Switching Protocols\r\nConnection: Upgrade\r\nDate: Wed, 18 Apr 2018 00:51:50 GMT\r\nServer: Kestrel\r\nUpgrade: websocket\r\nSec-WebSocket-Accept: d4JpmMDGsf5OfeNp5T3eyRhsuQw=\r\n\r\n",
   "id": "3.1",
   "isServer": false,
   "localCloseCode": 1000,
   "localCloseReason": null,
   "received": [],
   "remoteCloseCode": 1002,
   "remoteCloseReason": "Unexpected reserved bits set",
   "reportCompressionRatio": false,
   "reportTime": false,
   "result": "Actual events match at least one expected.",
   "resultClose": "Connection was properly closed",
   "rxFrameStats": {
      "8": 1
   },
   "rxOctetStats": {
      "32": 1,
      "183": 1
   },
   "started": "2018-04-18T00:51:50.563Z",
   "trafficStats": null,
   "txFrameStats": {
      "1": 1,
      "8": 1
   },
   "txOctetStats": {
      "8": 1,
      "19": 1,
      "246": 1
   },
   "wasClean": true,
   "wasCloseHandshakeTimeout": false,
   "wasNotCleanReason": null,
   "wasOpenHandshakeTimeout": false,
   "wasServerConnectionDropTimeout": false,
   "wirelog": [
      [
         "TO",
         [
            246,
            "474554202f20485454502f312e310d0a557365722d4167656e743a204175746f6261686e5465737453756974652f302e372e362d302e31302e390d0a486f7374 ..."
         ],
         false
      ],
      [
         "RO",
         [
            183,
            "485454502f312e312031303120537769746368696e672050726f746f636f6c730d0a436f6e6e656374696f6e3a20557067726164650d0a446174653a20576564 ..."
         ]
      ],
      [
         "TF",
         [
            13,
            "Hello, world!"
         ],
         1,
         true,
         1,
         "f65ca5f8",
         null,
         null,
         false
      ],
      [
         "TO",
         [
            19,
            "918df65ca5f8be39c9949970858f992ec99cd7"
         ],
         false
      ],
      [
         "KL",
         1
      ],
      [
         "RO",
         [
            32,
            "881e03ea556e6578706563746564207265736572766564206269747320736574"
         ]
      ],
      [
         "RF",
         [
            30,
            "0x03ea556e6578706563746564207265736572766564206269747320736574"
         ],
         8,
         true,
         0,
         false,
         null
      ],
      [
         "TF",
         [
            2,
            "0x03e8"
         ],
         8,
         true,
         0,
         "be7b761a",
         null,
         null,
         false
      ],
      [
         "TO",
         [
            8,
            "8882be7b761abd93"
         ],
         false
      ]
   ]
}