{
   "agent": "TesteeServer",
   "behavior": "OK",
   "behaviorClose": "OK",
   "case": 21,
   "closedByMe": false,
   "createStats": true,
   "createWirelog": true,
   "description": "Send ping with binary payload of 126 octets.",
   "droppedByMe": false,
   "duration": 50,
   "expectation": "Connection is failed immediately (1002/Protocol Error), since control frames are only allowed to have payload up to and including 125 octets..",
   "expected": {
      "OK": []
   },
   "expectedClose": {
      "closeCode": [
         1002
      ],
      "closedByMe": false,
      "requireClean": false
   },
   "failedByMe": false,
   "httpRequest": "GET / HTTP/1.1\r\nUser-Agent: AutobahnTestSuite/0.7.6-0.10.9\r\nHost: technikempire.com:80\r\nUpgrade: WebSocket\r\nConnection: Upgrade\r\nPragma: no-cache\r\nCache-Control: no-cache\r\nSec-WebSocket-Key: HN1xE1Jn9yVqUQ5v5dbkdw==\r\nSec-WebSocket-Version: 13\r\n\r\n",
   "httpResponse": "HTTP/1.1 101 Switching Protocols\r\nConnection: Upgrade\r\nDate: Wed, 18 Apr 2018 00:51:49 GMT\r\nServer: Kestrel\r\nUpgrade: websocket\r\nSec-WebSocket-Accept: ZlWfCG8yqUttDQok987KDjAbu08=\r\n\r\n",
   "id": "2.5",
   "isServer": false,
   "localCloseCode": 1000,
   "localCloseReason": null,
   "received": [],
   "remoteCloseCode": 1002,
   "remoteCloseReason": "Invalid control frame size",
   "reportCompressionRatio": false,
   "reportTime": false,
   "result": "Actual events match at least one expected.",
   "resultClose": "Connection was properly closed",
   "rxFrameStats": {
      "8": 1
   },
   "rxOctetStats": {
      "30": 1,
      "183": 1
   },
   "started": "2018-04-18T00:51:49.261Z",
   "trafficStats": null,
   "txFrameStats": {
      "8": 1,
      "9": 1
   },
   "txOctetStats": {
      "8": 1,
      "134": 1,
      "246": 1
   },
   "wasClean": true,
   "wasCloseHandshakeTimeout": false,
   "wasNotCleanReason": null,
   "wasOpenHandshakeTimeout": false,
   "wasServerConnectionDropTimeout": false,
   "wirelog": [
      [
         "TO",
         [
            246,
            "474554202f20485454502f312e310d0a557365722d4167656e743a204175746f6261686e5465737453756974652f302e372e362d302e31302e390d0a486f7374 ..."
         ],
         false
      ],
      [
         "RO",
         [
            183,
            "485454502f312e312031303120537769746368696e672050726f746f636f6c730d0a436f6e6e656374696f6e3a20557067726164650d0a446174653a20576564 ..."
         ]
      ],
      [
         "TF",
         [
            126,
            "0xfefefefefefefefefefefefefefefefefefefefefefefefefefefefefefefefefefefefefefefefefefefefefefefefefefefefefefefefefefefefefefefefe ..."
         ],
         9,
         true,
         0,
         "3124ffb6",
         null,
         null,
         false
      ],
      [
         "TO",
         [
            134,
            "89fe007e3124ffb6cfda0148cfda0148cfda0148cfda0148cfda0148cfda0148cfda0148cfda0148cfda0148cfda0148cfda0148cfda0148cfda0148cfda0148 ..."
         ],
         false
      ],
      [
         "KL",
         1
      ],
      [
         "RO",
         [
            30,
            "881c03ea496e76616c696420636f6e74726f6c206672616d652073697a65"
         ]
      ],
      [
         "RF",
         [
            28,
            "0x03ea496e76616c696420636f6e74726f6c206672616d652073697a65"
         ],
         8,
         true,
         0,
         false,
         null
      ],
      [
         "TF",
         [
            2,
            "0x03e8"
         ],
         8,
         true,
         0,
         "0cf696df",
         null,
         null,
         false
      ],
      [
         "TO",
         [
            8,
            "88820cf696df0f1e"
         ],
         false
      ]
   ]
}