{
   "agent": "TesteeServer",
   "behavior": "OK",
   "behaviorClose": "OK",
   "case": 14,
   "closedByMe": true,
   "createStats": true,
   "createWirelog": true,
   "description": "Send binary message message with payload of length 65535.",
   "droppedByMe": false,
   "duration": 237,
   "expectation": "Receive echo'ed binary message (with payload as sent). Clean close with normal code.",
   "expected": {
      "OK": [
         [
            "message",
            "0xfefefefefefefefefefefefefefefefefefefefefefefefefefefefefefefefefefefefefefefefefefefefefefefefefefefefefefefefefefefefefefefefe ...",
            true
         ]
      ]
   },
   "expectedClose": {
      "closeCode": [
         1000
      ],
      "closedByMe": true,
      "requireClean": true
   },
   "failedByMe": false,
   "httpRequest": "GET / HTTP/1.1\r\nUser-Agent: AutobahnTestSuite/0.7.6-0.10.9\r\nHost: technikempire.com:80\r\nUpgrade: WebSocket\r\nConnection: Upgrade\r\nPragma: no-cache\r\nCache-Control: no-cache\r\nSec-WebSocket-Key: GG6u/iVd94X2yVCuENvc5g==\r\nSec-WebSocket-Version: 13\r\n\r\n",
   "httpResponse": "HTTP/1.1 101 Switching Protocols\r\nConnection: Upgrade\r\nDate: Wed, 18 Apr 2018 00:51:47 GMT\r\nServer: Kestrel\r\nUpgrade: websocket\r\nSec-WebSocket-Accept: oJwaQV86tf/Bu0z+VP32oZ3I6C0=\r\n\r\n",
   "id": "1.2.6",
   "isServer": false,
   "localCloseCode": 1000,
   "localCloseReason": null,
   "received": [
      [
         "message",
         "0xfefefefefefefefefefefefefefefefefefefefefefefefefefefefefefefefefefefefefefefefefefefefefefefefefefefefefefefefefefefefefefefefe ...",
         true
      ]
   ],
   "remoteCloseCode": 1000,
   "remoteCloseReason": null,
   "reportCompressionRatio": false,
   "reportTime": false,
   "result": "Actual events match at least one expected.",
   "resultClose": "Connection was properly closed",
   "rxFrameStats": {
      "0": 17,
      "2": 1,
      "8": 1
   },
   "rxOctetStats": {
      "4": 1,
      "183": 1,
      "11531": 1,
      "24820": 1,
      "29256": 1
   },
   "started": "2018-04-18T00:51:47.499Z",
   "trafficStats": null,
   "txFrameStats": {
      "2": 1,
      "8": 1
   },
   "txOctetStats": {
      "8": 1,
      "246": 1,
      "65543": 1
   },
   "wasClean": true,
   "wasCloseHandshakeTimeout": false,
   "wasNotCleanReason": null,
   "wasOpenHandshakeTimeout": false,
   "wasServerConnectionDropTimeout": false,
   "wirelog": [
      [
         "TO",
         [
            246,
            "474554202f20485454502f312e310d0a557365722d4167656e743a204175746f6261686e5465737453756974652f302e372e362d302e31302e390d0a486f7374 ..."
         ],
         false
      ],
      [
         "RO",
         [
            183,
            "485454502f312e312031303120537769746368696e672050726f746f636f6c730d0a436f6e6e656374696f6e3a20557067726164650d0a446174653a20576564 ..."
         ]
      ],
      [
         "TF",
         [
            65535,
            "0xfefefefefefefefefefefefefefefefefefefefefefefefefefefefefefefefefefefefefefefefefefefefefefefefefefefefefefefefefefefefefefefefe ..."
         ],
         2,
         true,
         0,
         "cf3b521a",
         null,
         null,
         false
      ],
      [
         "TO",
         [
            65543,
            "82feffffcf3b521a31c5ace431c5ace431c5ace431c5ace431c5ace431c5ace431c5ace431c5ace431c5ace431c5ace431c5ace431c5ace431c5ace431c5ace4 ..."
         ],
         false
      ],
      [
         "KL",
         10
      ],
      [
         "RO",
         [
            24820,
            "027e1000fefefefefefefefefefefefefefefefefefefefefefefefefefefefefefefefefefefefefefefefefefefefefefefefefefefefefefefefefefefefe ..."
         ]
      ],
      [
         "RF",
         [
            4096,
            "0xfefefefefefefefefefefefefefefefefefefefefefefefefefefefefefefefefefefefefefefefefefefefefefefefefefefefefefefefefefefefefefefefe ..."
         ],
         2,
         false,
         0,
         false,
         null
      ],
      [
         "RF",
         [
            4096,
            "0xfefefefefefefefefefefefefefefefefefefefefefefefefefefefefefefefefefefefefefefefefefefefefefefefefefefefefefefefefefefefefefefefe ..."
         ],
         0,
         false,
         0,
         false,
         null
      ],
      [
         "RF",
         [
            4096,
            "0xfefefefefefefefefefefefefefefefefefefefefefefefefefefefefefefefefefefefefefefefefefefefefefefefefefefefefefefefefefefefefefefefe ..."
         ],
         0,
         false,
         0,
         false,
         null
      ],
      [
         "RF",
         [
            4096,
            "0xfefefefefefefefefefefefefefefefefefefefefefefefefefefefefefefefefefefefefefefefefefefefefefefefefefefefefefefefefefefefefefefefe ..."
         ],
         0,
         false,
         0,
         false,
         null
      ],
      [
         "RF",
         [
            4096,
            "0xfefefefefefefefefefefefefefefefefefefefefefefefefefefefefefefefefefefefefefefefefefefefefefefefefefefefefefefefefefefefefefefefe ..."
         ],
         0,
         false,
         0,
         false,
         null
      ],
      [
         "RF",
         [
            4096,
            "0xfefefefefefefefefefefefefefefefefefefefefefefefefefefefefefefefefefefefefefefefefefefefefefefefefefefefefefefefefefefefefefefefe ..."
         ],
         0,
         false,
         0,
         false,
         null
      ],
      [
         "RO",
         [
            29256,
            "fefefefefefefefefefefefefefefefefefefefefefefefefefefefefefefefefefefefefefefefefefefefefefefefefefefefefefefefefefefefefefefefe ..."
         ]
      ],
      [
         "RF",
         [
            4096,
            "0xfefefefefefefefefefefefefefefefefefefefefefefefefefefefefefefefefefefefefefefefefefefefefefefefefefefefefefefefefefefefefefefefe ..."
         ],
         0,
         false,
         0,
         false,
         null
      ],
      [
         "RF",
         [
            4096,
            "0xfefefefefefefefefefefefefefefefefefefefefefefefefefefefefefefefefefefefefefefefefefefefefefefefefefefefefefefefefefefefefefefefe ..."
         ],
         0,
         false,
         0,
         false,
         null
      ],
      [
         "RF",
         [
            4096,
            "0xfefefefefefefefefefefefefefefefefefefefefefefefefefefefefefefefefefefefefefefefefefefefefefefefefefefefefefefefefefefefefefefefe ..."
         ],
         0,
         false,
         0,
         false,
         null
      ],
      [
         "RF",
         [
            4096,
            "0xfefefefefefefefefefefefefefefefefefefefefefefefefefefefefefefefefefefefefefefefefefefefefefefefefefefefefefefefefefefefefefefefe ..."
         ],
         0,
         false,
         0,
         false,
         null
      ],
      [
         "RF",
         [
            4096,
            "0xfefefefefefefefefefefefefefefefefefefefefefefefefefefefefefefefefefefefefefefefefefefefefefefefefefefefefefefefefefefefefefefefe ..."
         ],
         0,
         false,
         0,
         false,
         null
      ],
      [
         "RF",
         [
            1660,
            "0xfefefefefefefefefefefefefefefefefefefefefefefefefefefefefefefefefefefefefefefefefefefefefefefefefefefefefefefefefefefefefefefefe ..."
         ],
         0,
         false,
         0,
         false,
         null
      ],
      [
         "RF",
         [
            1460,
            "0xfefefefefefefefefefefefefefefefefefefefefefefefefefefefefefefefefefefefefefefefefefefefefefefefefefefefefefefefefefefefefefefefe ..."
         ],
         0,
         false,
         0,
         false,
         null
      ],
      [
         "RF",
         [
            4096,
            "0xfefefefefefefefefefefefefefefefefefefefefefefefefefefefefefefefefefefefefefefefefefefefefefefefefefefefefefefefefefefefefefefefe ..."
         ],
         0,
         false,
         0,
         false,
         null
      ],
      [
         "RF",
         [
            1744,
            "0xfefefefefefefefefefefefefefefefefefefefefefefefefefefefefefefefefefefefefefefefefefefefefefefefefefefefefefefefefefefefefefefefe ..."
         ],
         0,
         false,
         0,
         false,
         null
      ],
      [
         "RO",
         [
            11531,
            "007e1000fefefefefefefefefefefefefefefefefefefefefefefefefefefefefefefefefefefefefefefefefefefefefefefefefefefefefefefefefefefefe ..."
         ]
      ],
      [
         "RF",
         [
            4096,
            "0xfefefefefefefefefefefefefefefefefefefefefefefefefefefefefefefefefefefefefefefefefefefefefefefefefefefefefefefefefefefefefefefefe ..."
         ],
         0,
         false,
         0,
         false,
         null
      ],
      [
         "RF",
         [
            4096,
            "0xfefefefefefefefefefefefefefefefefefefefefefefefefefefefefefefefefefefefefefefefefefefefefefefefefefefefefefefefefefefefefefefefe ..."
         ],
         0,
         false,
         0,
         false,
         null
      ],
      [
         "RF",
         [
            3327,
            "0xfefefefefefefefefefefefefefefefefefefefefefefefefefefefefefefefefefefefefefefefefefefefefefefefefefefefefefefefefefefefefefefefe ..."
         ],
         0,
         true,
         0,
         false,
         null
      ],
      [
         "TF",
         [
            2,
            "0x03e8"
         ],
         8,
         true,
         0,
         "ca2f7cd2",
         null,
         null,
         false
      ],
      [
         "TO",
         [
            8,
            "8882ca2f7cd2c9c7"
         ],
         false
      ],
      [
         "RO",
         [
            4,
            "880203e8"
         ]
      ],
      [
         "RF",
         [
            2,
            "0x03e8"
         ],
         8,
         true,
         0,
         false,
         null
      ]
   ]
}