{
   "agent": "TesteeServer",
   "behavior": "NON-STRICT",
   "behaviorClose": "OK",
   "case": 30,
   "closedByMe": false,
   "createStats": true,
   "createWirelog": true,
   "description": "Send small text message, then send again with <b>RSV = 3</b>, then send Ping. Octets are sent in frame-wise chops. Octets are sent in octet-wise chops.",
   "droppedByMe": false,
   "duration": 71,
   "expectation": "Echo for first message is received, but then connection is failed immediately, since RSV must be 0, when no extension defining RSV meaning has been negotiated. The Pong is not received.",
   "expected": {
      "NON-STRICT": [],
      "OK": [
         [
            "message",
            "Hello, world!",
            false
         ]
      ]
   },
   "expectedClose": {
      "closeCode": [
         1002
      ],
      "closedByMe": false,
      "requireClean": false
   },
   "failedByMe": false,
   "httpRequest": "GET / HTTP/1.1\r\nUser-Agent: AutobahnTestSuite/0.7.6-0.10.9\r\nHost: technikempire.com:80\r\nUpgrade: WebSocket\r\nConnection: Upgrade\r\nPragma: no-cache\r\nCache-Control: no-cache\r\nSec-WebSocket-Key: 3+KluRBx022FxILpt+K3Kg==\r\nSec-WebSocket-Version: 13\r\n\r\n",
   "httpResponse": "HTTP/1.1 101 Switching Protocols\r\nConnection: Upgrade\r\nDate: Wed, 18 Apr 2018 00:51:50 GMT\r\nServer: Kestrel\r\nUpgrade: websocket\r\nSec-WebSocket-Accept: Uibz4GdwXPMRpbA4Qvcutd4gixw=\r\n\r\n",
   "id": "3.3",
   "isServer": false,
   "localCloseCode": 1000,
   "localCloseReason": null,
   "received": [],
   "remoteCloseCode": 1002,
   "remoteCloseReason": "Unexpected reserved bits set",
   "reportCompressionRatio": false,
   "reportTime": false,
   "result": "Actual events match at least one expected.",
   "resultClose": "Connection was properly closed",
   "rxFrameStats": {
      "8": 1
   },
   "rxOctetStats": {
      "32": 1,
      "183": 1
   },
   "started": "2018-04-18T00:51:50.850Z",
   "trafficStats": null,
   "txFrameStats": {
      "1": 2,
      "8": 1,
      "9": 1
   },
   "txOctetStats": {
      "6": 1,
      "8": 1,
      "19": 2,
      "246": 1
   },
   "wasClean": true,
   "wasCloseHandshakeTimeout": false,
   "wasNotCleanReason": null,
   "wasOpenHandshakeTimeout": false,
   "wasServerConnectionDropTimeout": false,
   "wirelog": [
      [
         "TO",
         [
            246,
            "474554202f20485454502f312e310d0a557365722d4167656e743a204175746f6261686e5465737453756974652f302e372e362d302e31302e390d0a486f7374 ..."
         ],
         false
      ],
      [
         "RO",
         [
            183,
            "485454502f312e312031303120537769746368696e672050726f746f636f6c730d0a436f6e6e656374696f6e3a20557067726164650d0a446174653a20576564 ..."
         ]
      ],
      [
         "TF",
         [
            13,
            "Hello, world!"
         ],
         1,
         true,
         0,
         "882f9bb3",
         null,
         null,
         true
      ],
      [
         "TO",
         [
            19,
            "818d882f9bb3c04af7dfe703bbc4e75df7d7a9"
         ],
         true
      ],
      [
         "TF",
         [
            13,
            "Hello, world!"
         ],
         1,
         true,
         3,
         "3219a8f2",
         null,
         null,
         true
      ],
      [
         "TF",
         [
            0,
            ""
         ],
         9,
         true,
         0,
         "f57ffeb1",
         null,
         null,
         true
      ],
      [
         "KL",
         1
      ],
      [
         "TO",
         [
            19,
            "b18d3219a8f27a7cc49e5d3588855d6bc49613"
         ],
         true
      ],
      [
         "RO",
         [
            32,
            "881e03ea556e6578706563746564207265736572766564206269747320736574"
         ]
      ],
      [
         "RF",
         [
            30,
            "0x03ea556e6578706563746564207265736572766564206269747320736574"
         ],
         8,
         true,
         0,
         false,
         null
      ],
      [
         "TF",
         [
            2,
            "0x03e8"
         ],
         8,
         true,
         0,
         "b873a80d",
         null,
         null,
         false
      ],
      [
         "TO",
         [
            6,
            "8980f57ffeb1"
         ],
         true
      ],
      [
         "TO",
         [
            8,
            "8882b873a80dbb9b"
         ],
         false
      ]
   ]
}