{
   "agent": "TesteeServer",
   "behavior": "OK",
   "behaviorClose": "OK",
   "case": 6,
   "closedByMe": true,
   "createStats": true,
   "createWirelog": true,
   "description": "Send text message message with payload of length 65535.",
   "droppedByMe": false,
   "duration": 343,
   "expectation": "Receive echo'ed text message (with payload as sent). Clean close with normal code.",
   "expected": {
      "OK": [
         [
            "message",
            "**************************************************************** ...",
            false
         ]
      ]
   },
   "expectedClose": {
      "closeCode": [
         1000
      ],
      "closedByMe": true,
      "requireClean": true
   },
   "failedByMe": false,
   "httpRequest": "GET / HTTP/1.1\r\nUser-Agent: AutobahnTestSuite/0.7.6-0.10.9\r\nHost: technikempire.com:80\r\nUpgrade: WebSocket\r\nConnection: Upgrade\r\nPragma: no-cache\r\nCache-Control: no-cache\r\nSec-WebSocket-Key: K4e7LSO+cQgasLcYPtulEQ==\r\nSec-WebSocket-Version: 13\r\n\r\n",
   "httpResponse": "HTTP/1.1 101 Switching Protocols\r\nConnection: Upgrade\r\nDate: Wed, 18 Apr 2018 00:51:45 GMT\r\nServer: Kestrel\r\nUpgrade: websocket\r\nSec-WebSocket-Accept: A9yAC42SrsC20/jr9WkJ8N016pU=\r\n\r\n",
   "id": "1.1.6",
   "isServer": false,
   "localCloseCode": 1000,
   "localCloseReason": null,
   "received": [
      [
         "message",
         "**************************************************************** ...",
         false
      ]
   ],
   "remoteCloseCode": 1000,
   "remoteCloseReason": null,
   "reportCompressionRatio": false,
   "reportTime": false,
   "result": "Actual events match at least one expected.",
   "resultClose": "Connection was properly closed",
   "rxFrameStats": {
      "0": 16,
      "1": 1,
      "8": 1
   },
   "rxOctetStats": {
      "4": 1,
      "183": 1,
      "7300": 1,
      "8615": 1,
      "16400": 1,
      "33288": 1
   },
   "started": "2018-04-18T00:51:45.208Z",
   "trafficStats": null,
   "txFrameStats": {
      "1": 1,
      "8": 1
   },
   "txOctetStats": {
      "8": 1,
      "246": 1,
      "65543": 1
   },
   "wasClean": true,
   "wasCloseHandshakeTimeout": false,
   "wasNotCleanReason": null,
   "wasOpenHandshakeTimeout": false,
   "wasServerConnectionDropTimeout": false,
   "wirelog": [
      [
         "TO",
         [
            246,
            "474554202f20485454502f312e310d0a557365722d4167656e743a204175746f6261686e5465737453756974652f302e372e362d302e31302e390d0a486f7374 ..."
         ],
         false
      ],
      [
         "RO",
         [
            183,
            "485454502f312e312031303120537769746368696e672050726f746f636f6c730d0a436f6e6e656374696f6e3a20557067726164650d0a446174653a20576564 ..."
         ]
      ],
      [
         "TF",
         [
            65535,
            "**************************************************************** ..."
         ],
         1,
         true,
         0,
         "4df98cf1",
         null,
         null,
         false
      ],
      [
         "TO",
         [
            65543,
            "81feffff4df98cf167d3a6db67d3a6db67d3a6db67d3a6db67d3a6db67d3a6db67d3a6db67d3a6db67d3a6db67d3a6db67d3a6db67d3a6db67d3a6db67d3a6db ..."
         ],
         false
      ],
      [
         "KL",
         10
      ],
      [
         "RO",
         [
            16400,
            "017e10002a2a2a2a2a2a2a2a2a2a2a2a2a2a2a2a2a2a2a2a2a2a2a2a2a2a2a2a2a2a2a2a2a2a2a2a2a2a2a2a2a2a2a2a2a2a2a2a2a2a2a2a2a2a2a2a2a2a2a2a ..."
         ]
      ],
      [
         "RF",
         [
            4096,
            "**************************************************************** ..."
         ],
         1,
         false,
         0,
         false,
         null
      ],
      [
         "RF",
         [
            4096,
            "**************************************************************** ..."
         ],
         0,
         false,
         0,
         false,
         null
      ],
      [
         "RF",
         [
            4096,
            "**************************************************************** ..."
         ],
         0,
         false,
         0,
         false,
         null
      ],
      [
         "RF",
         [
            4096,
            "**************************************************************** ..."
         ],
         0,
         false,
         0,
         false,
         null
      ],
      [
         "RO",
         [
            33288,
            "007e10002a2a2a2a2a2a2a2a2a2a2a2a2a2a2a2a2a2a2a2a2a2a2a2a2a2a2a2a2a2a2a2a2a2a2a2a2a2a2a2a2a2a2a2a2a2a2a2a2a2a2a2a2a2a2a2a2a2a2a2a ..."
         ]
      ],
      [
         "RF",
         [
            4096,
            "**************************************************************** ..."
         ],
         0,
         false,
         0,
         false,
         null
      ],
      [
         "RF",
         [
            4096,
            "**************************************************************** ..."
         ],
         0,
         false,
         0,
         false,
         null
      ],
      [
         "RF",
         [
            4096,
            "**************************************************************** ..."
         ],
         0,
         false,
         0,
         false,
         null
      ],
      [
         "RF",
         [
            4096,
            "**************************************************************** ..."
         ],
         0,
         false,
         0,
         false,
         null
      ],
      [
         "RF",
         [
            4096,
            "**************************************************************** ..."
         ],
         0,
         false,
         0,
         false,
         null
      ],
      [
         "RF",
         [
            4096,
            "**************************************************************** ..."
         ],
         0,
         false,
         0,
         false,
         null
      ],
      [
         "RF",
         [
            4096,
            "**************************************************************** ..."
         ],
         0,
         false,
         0,
         false,
         null
      ],
      [
         "RF",
         [
            1660,
            "**************************************************************** ..."
         ],
         0,
         false,
         0,
         false,
         null
      ],
      [
         "RF",
         [
            2920,
            "**************************************************************** ..."
         ],
         0,
         false,
         0,
         false,
         null
      ],
      [
         "RO",
         [
            7300,
            "007e10002a2a2a2a2a2a2a2a2a2a2a2a2a2a2a2a2a2a2a2a2a2a2a2a2a2a2a2a2a2a2a2a2a2a2a2a2a2a2a2a2a2a2a2a2a2a2a2a2a2a2a2a2a2a2a2a2a2a2a2a ..."
         ]
      ],
      [
         "RF",
         [
            4096,
            "**************************************************************** ..."
         ],
         0,
         false,
         0,
         false,
         null
      ],
      [
         "RO",
         [
            8615,
            "2a2a2a2a2a2a2a2a2a2a2a2a2a2a2a2a2a2a2a2a2a2a2a2a2a2a2a2a2a2a2a2a2a2a2a2a2a2a2a2a2a2a2a2a2a2a2a2a2a2a2a2a2a2a2a2a2a2a2a2a2a2a2a2a ..."
         ]
      ],
      [
         "RF",
         [
            4096,
            "**************************************************************** ..."
         ],
         0,
         false,
         0,
         false,
         null
      ],
      [
         "RF",
         [
            4096,
            "**************************************************************** ..."
         ],
         0,
         false,
         0,
         false,
         null
      ],
      [
         "RF",
         [
            3611,
            "**************************************************************** ..."
         ],
         0,
         true,
         0,
         false,
         null
      ],
      [
         "TF",
         [
            2,
            "0x03e8"
         ],
         8,
         true,
         0,
         "e2f390b9",
         null,
         null,
         false
      ],
      [
         "TO",
         [
            8,
            "8882e2f390b9e11b"
         ],
         false
      ],
      [
         "RO",
         [
            4,
            "880203e8"
         ]
      ],
      [
         "RF",
         [
            2,
            "0x03e8"
         ],
         8,
         true,
         0,
         false,
         null
      ]
   ]
}