{
   "agent": "TesteeServer",
   "behavior": "OK",
   "behaviorClose": "OK",
   "case": 32,
   "closedByMe": false,
   "createStats": true,
   "createWirelog": true,
   "description": "Send small binary message with <b>RSV = 5</b>.",
   "droppedByMe": false,
   "duration": 38,
   "expectation": "The connection is failed immediately, since RSV must be 0.",
   "expected": {
      "OK": []
   },
   "expectedClose": {
      "closeCode": [
         1002
      ],
      "closedByMe": false,
      "requireClean": false
   },
   "failedByMe": false,
   "httpRequest": "GET / HTTP/1.1\r\nUser-Agent: AutobahnTestSuite/0.7.6-0.10.9\r\nHost: technikempire.com:80\r\nUpgrade: WebSocket\r\nConnection: Upgrade\r\nPragma: no-cache\r\nCache-Control: no-cache\r\nSec-WebSocket-Key: cHIbWv3xG+Svq/pepXdxCw==\r\nSec-WebSocket-Version: 13\r\n\r\n",
   "httpResponse": "HTTP/1.1 101 Switching Protocols\r\nConnection: Upgrade\r\nDate: Wed, 18 Apr 2018 00:51:50 GMT\r\nServer: Kestrel\r\nUpgrade: websocket\r\nSec-WebSocket-Accept: vN08VEJwo52dGAv/3s4bYcKlLQI=\r\n\r\n",
   "id": "3.5",
   "isServer": false,
   "localCloseCode": 1000,
   "localCloseReason": null,
   "received": [],
   "remoteCloseCode": 1002,
   "remoteCloseReason": "Unexpected reserved bits set",
   "reportCompressionRatio": false,
   "reportTime": false,
   "result": "Actual events match at least one expected.",
   "resultClose": "Connection was properly closed",
   "rxFrameStats": {
      "8": 1
   },
   "rxOctetStats": {
      "32": 1,
      "183": 1
   },
   "started": "2018-04-18T00:51:51.162Z",
   "trafficStats": null,
   "txFrameStats": {
      "2": 1,
      "8": 1
   },
   "txOctetStats": {
      "8": 1,
      "14": 1,
      "246": 1
   },
   "wasClean": true,
   "wasCloseHandshakeTimeout": false,
   "wasNotCleanReason": null,
   "wasOpenHandshakeTimeout": false,
   "wasServerConnectionDropTimeout": false,
   "wirelog": [
      [
         "TO",
         [
            246,
            "474554202f20485454502f312e310d0a557365722d4167656e743a204175746f6261686e5465737453756974652f302e372e362d302e31302e390d0a486f7374 ..."
         ],
         false
      ],
      [
         "RO",
         [
            183,
            "485454502f312e312031303120537769746368696e672050726f746f636f6c730d0a436f6e6e656374696f6e3a20557067726164650d0a446174653a20576564 ..."
         ]
      ],
      [
         "TF",
         [
            8,
            "0x00fffefdfcfb00ff"
         ],
         2,
         true,
         5,
         "2ffb5971",
         null,
         null,
         false
      ],
      [
         "TO",
         [
            14,
            "d2882ffb59712f04a78cd300598e"
         ],
         false
      ],
      [
         "KL",
         1
      ],
      [
         "RO",
         [
            32,
            "881e03ea556e6578706563746564207265736572766564206269747320736574"
         ]
      ],
      [
         "RF",
         [
            30,
            "0x03ea556e6578706563746564207265736572766564206269747320736574"
         ],
         8,
         true,
         0,
         false,
         null
      ],
      [
         "TF",
         [
            2,
            "0x03e8"
         ],
         8,
         true,
         0,
         "6d214f19",
         null,
         null,
         false
      ],
      [
         "TO",
         [
            8,
            "88826d214f196ec9"
         ],
         false
      ]
   ]
}