{
   "agent": "TesteeServer",
   "behavior": "OK",
   "behaviorClose": "OK",
   "case": 24,
   "closedByMe": true,
   "createStats": true,
   "createWirelog": true,
   "description": "Send unsolicited pong with payload. Verify nothing is received. Clean close with normal code.",
   "droppedByMe": false,
   "duration": 45,
   "expectation": "Nothing.",
   "expected": {
      "OK": []
   },
   "expectedClose": {
      "closeCode": [
         1000
      ],
      "closedByMe": true,
      "requireClean": true
   },
   "failedByMe": false,
   "httpRequest": "GET / HTTP/1.1\r\nUser-Agent: AutobahnTestSuite/0.7.6-0.10.9\r\nHost: technikempire.com:80\r\nUpgrade: WebSocket\r\nConnection: Upgrade\r\nPragma: no-cache\r\nCache-Control: no-cache\r\nSec-WebSocket-Key: Om9GPSaExGTjyg76jrEozg==\r\nSec-WebSocket-Version: 13\r\n\r\n",
   "httpResponse": "HTTP/1.1 101 Switching Protocols\r\nConnection: Upgrade\r\nDate: Wed, 18 Apr 2018 00:51:49 GMT\r\nServer: Kestrel\r\nUpgrade: websocket\r\nSec-WebSocket-Accept: PtWl4UcvoSGvxTBv8e/JCuLHjgo=\r\n\r\n",
   "id": "2.8",
   "isServer": false,
   "localCloseCode": 1000,
   "localCloseReason": null,
   "received": [],
   "remoteCloseCode": 1000,
   "remoteCloseReason": null,
   "reportCompressionRatio": false,
   "reportTime": false,
   "result": "Actual events match at least one expected.",
   "resultClose": "Connection was properly closed",
   "rxFrameStats": {
      "8": 1
   },
   "rxOctetStats": {
      "4": 1,
      "183": 1
   },
   "started": "2018-04-18T00:51:49.836Z",
   "trafficStats": null,
   "txFrameStats": {
      "8": 1,
      "10": 1
   },
   "txOctetStats": {
      "8": 1,
      "30": 1,
      "246": 1
   },
   "wasClean": true,
   "wasCloseHandshakeTimeout": false,
   "wasNotCleanReason": null,
   "wasOpenHandshakeTimeout": false,
   "wasServerConnectionDropTimeout": false,
   "wirelog": [
      [
         "TO",
         [
            246,
            "474554202f20485454502f312e310d0a557365722d4167656e743a204175746f6261686e5465737453756974652f302e372e362d302e31302e390d0a486f7374 ..."
         ],
         false
      ],
      [
         "RO",
         [
            183,
            "485454502f312e312031303120537769746368696e672050726f746f636f6c730d0a436f6e6e656374696f6e3a20557067726164650d0a446174653a20576564 ..."
         ]
      ],
      [
         "TF",
         [
            24,
            "unsolicited pong payload"
         ],
         10,
         true,
         0,
         "fae9e53b",
         null,
         null,
         false
      ],
      [
         "TO",
         [
            30,
            "8a98fae9e53b8f879654968086528e8c811b8a868b5cda9984429686845f"
         ],
         false
      ],
      [
         "TF",
         [
            2,
            "0x03e8"
         ],
         8,
         true,
         0,
         "86509be1",
         null,
         null,
         false
      ],
      [
         "TO",
         [
            8,
            "888286509be185b8"
         ],
         false
      ],
      [
         "TI",
         1
      ],
      [
         "RO",
         [
            4,
            "880203e8"
         ]
      ],
      [
         "RF",
         [
            2,
            "0x03e8"
         ],
         8,
         true,
         0,
         false,
         null
      ]
   ]
}