{
   "agent": "TesteeServer",
   "behavior": "NON-STRICT",
   "behaviorClose": "OK",
   "case": 31,
   "closedByMe": false,
   "createStats": true,
   "createWirelog": true,
   "description": "Send small text message, then send again with <b>RSV = 4</b>, then send Ping. Octets are sent in octet-wise chops.",
   "droppedByMe": false,
   "duration": 79,
   "expectation": "Echo for first message is received, but then connection is failed immediately, since RSV must be 0, when no extension defining RSV meaning has been negotiated. The Pong is not received.",
   "expected": {
      "NON-STRICT": [],
      "OK": [
         [
            "message",
            "Hello, world!",
            false
         ]
      ]
   },
   "expectedClose": {
      "closeCode": [
         1002
      ],
      "closedByMe": false,
      "requireClean": false
   },
   "failedByMe": false,
   "httpRequest": "GET / HTTP/1.1\r\nUser-Agent: AutobahnTestSuite/0.7.6-0.10.9\r\nHost: technikempire.com:80\r\nUpgrade: WebSocket\r\nConnection: Upgrade\r\nPragma: no-cache\r\nCache-Control: no-cache\r\nSec-WebSocket-Key: xLFYZkZySeIqTNmpzbdqcg==\r\nSec-WebSocket-Version: 13\r\n\r\n",
   "httpResponse": "HTTP/1.1 101 Switching Protocols\r\nConnection: Upgrade\r\nDate: Wed, 18 Apr 2018 00:51:50 GMT\r\nServer: Kestrel\r\nUpgrade: websocket\r\nSec-WebSocket-Accept: bUHQh1c/6U1jJHlx5lXoWS5rJ1E=\r\n\r\n",
   "id": "3.4",
   "isServer": false,
   "localCloseCode": 1000,
   "localCloseReason": null,
   "received": [],
   "remoteCloseCode": 1002,
   "remoteCloseReason": "Unexpected reserved bits set",
   "reportCompressionRatio": false,
   "reportTime": false,
   "result": "Actual events match at least one expected.",
   "resultClose": "Connection was properly closed",
   "rxFrameStats": {
      "8": 1
   },
   "rxOctetStats": {
      "32": 1,
      "183": 1
   },
   "started": "2018-04-18T00:51:51.001Z",
   "trafficStats": null,
   "txFrameStats": {
      "1": 2,
      "8": 1,
      "9": 1
   },
   "txOctetStats": {
      "1": 44,
      "8": 1,
      "246": 1
   },
   "wasClean": true,
   "wasCloseHandshakeTimeout": false,
   "wasNotCleanReason": null,
   "wasOpenHandshakeTimeout": false,
   "wasServerConnectionDropTimeout": false,
   "wirelog": [
      [
         "TO",
         [
            246,
            "474554202f20485454502f312e310d0a557365722d4167656e743a204175746f6261686e5465737453756974652f302e372e362d302e31302e390d0a486f7374 ..."
         ],
         false
      ],
      [
         "RO",
         [
            183,
            "485454502f312e312031303120537769746368696e672050726f746f636f6c730d0a436f6e6e656374696f6e3a20557067726164650d0a446174653a20576564 ..."
         ]
      ],
      [
         "TF",
         [
            13,
            "Hello, world!"
         ],
         1,
         true,
         0,
         "0acc1ed9",
         null,
         1,
         false
      ],
      [
         "TO",
         [
            1,
            "81"
         ],
         true
      ],
      [
         "TF",
         [
            13,
            "Hello, world!"
         ],
         1,
         true,
         4,
         "f2f52445",
         null,
         1,
         false
      ],
      [
         "TF",
         [
            0,
            ""
         ],
         9,
         true,
         0,
         "a79b0ca0",
         null,
         1,
         false
      ],
      [
         "KL",
         1
      ],
      [
         "TO",
         [
            1,
            "8d"
         ],
         true
      ],
      [
         "TO",
         [
            1,
            "0a"
         ],
         true
      ],
      [
         "TO",
         [
            1,
            "cc"
         ],
         true
      ],
      [
         "TO",
         [
            1,
            "1e"
         ],
         true
      ],
      [
         "TO",
         [
            1,
            "d9"
         ],
         true
      ],
      [
         "TO",
         [
            1,
            "42"
         ],
         true
      ],
      [
         "TO",
         [
            1,
            "a9"
         ],
         true
      ],
      [
         "TO",
         [
            1,
            "72"
         ],
         true
      ],
      [
         "TO",
         [
            1,
            "b5"
         ],
         true
      ],
      [
         "TO",
         [
            1,
            "65"
         ],
         true
      ],
      [
         "TO",
         [
            1,
            "e0"
         ],
         true
      ],
      [
         "TO",
         [
            1,
            "3e"
         ],
         true
      ],
      [
         "TO",
         [
            1,
            "ae"
         ],
         true
      ],
      [
         "TO",
         [
            1,
            "65"
         ],
         true
      ],
      [
         "TO",
         [
            1,
            "be"
         ],
         true
      ],
      [
         "TO",
         [
            1,
            "72"
         ],
         true
      ],
      [
         "TO",
         [
            1,
            "bd"
         ],
         true
      ],
      [
         "TO",
         [
            1,
            "2b"
         ],
         true
      ],
      [
         "TO",
         [
            1,
            "c1"
         ],
         true
      ],
      [
         "TO",
         [
            1,
            "8d"
         ],
         true
      ],
      [
         "TO",
         [
            1,
            "f2"
         ],
         true
      ],
      [
         "TO",
         [
            1,
            "f5"
         ],
         true
      ],
      [
         "TO",
         [
            1,
            "24"
         ],
         true
      ],
      [
         "TO",
         [
            1,
            "45"
         ],
         true
      ],
      [
         "RO",
         [
            32,
            "881e03ea556e6578706563746564207265736572766564206269747320736574"
         ]
      ],
      [
         "RF",
         [
            30,
            "0x03ea556e6578706563746564207265736572766564206269747320736574"
         ],
         8,
         true,
         0,
         false,
         null
      ],
      [
         "TF",
         [
            2,
            "0x03e8"
         ],
         8,
         true,
         0,
         "126f5fd9",
         null,
         null,
         false
      ],
      [
         "TO",
         [
            1,
            "ba"
         ],
         true
      ],
      [
         "TO",
         [
            1,
            "90"
         ],
         true
      ],
      [
         "TO",
         [
            1,
            "48"
         ],
         true
      ],
      [
         "TO",
         [
            1,
            "29"
         ],
         true
      ],
      [
         "TO",
         [
            1,
            "9d"
         ],
         true
      ],
      [
         "TO",
         [
            1,
            "d9"
         ],
         true
      ],
      [
         "TO",
         [
            1,
            "04"
         ],
         true
      ],
      [
         "TO",
         [
            1,
            "32"
         ],
         true
      ],
      [
         "TO",
         [
            1,
            "9d"
         ],
         true
      ],
      [
         "TO",
         [
            1,
            "87"
         ],
         true
      ],
      [
         "TO",
         [
            1,
            "48"
         ],
         true
      ],
      [
         "TO",
         [
            1,
            "21"
         ],
         true
      ],
      [
         "TO",
         [
            1,
            "d3"
         ],
         true
      ],
      [
         "TO",
         [
            1,
            "89"
         ],
         true
      ],
      [
         "TO",
         [
            1,
            "80"
         ],
         true
      ],
      [
         "TO",
         [
            1,
            "a7"
         ],
         true
      ],
      [
         "TO",
         [
            1,
            "9b"
         ],
         true
      ],
      [
         "TO",
         [
            1,
            "0c"
         ],
         true
      ],
      [
         "TO",
         [
            1,
            "a0"
         ],
         true
      ],
      [
         "TO",
         [
            8,
            "8882126f5fd91187"
         ],
         false
      ]
   ]
}