{
   "agent": "TesteeServer",
   "behavior": "OK",
   "behaviorClose": "OK",
   "case": 25,
   "closedByMe": true,
   "createStats": true,
   "createWirelog": true,
   "description": "Send unsolicited pong with payload. Send ping with payload. Verify pong for ping is received.",
   "droppedByMe": false,
   "duration": 60,
   "expectation": "Nothing in reply to own Pong, but Pong with payload echo'ed in reply to Ping. Clean close with normal code.",
   "expected": {
      "OK": [
         [
            "pong",
            "ping payload"
         ]
      ]
   },
   "expectedClose": {
      "closeCode": [
         1000
      ],
      "closedByMe": true,
      "requireClean": true
   },
   "failedByMe": false,
   "httpRequest": "GET / HTTP/1.1\r\nUser-Agent: AutobahnTestSuite/0.7.6-0.10.9\r\nHost: technikempire.com:80\r\nUpgrade: WebSocket\r\nConnection: Upgrade\r\nPragma: no-cache\r\nCache-Control: no-cache\r\nSec-WebSocket-Key: TKHIv25VIBOJ4M1HU75U4A==\r\nSec-WebSocket-Version: 13\r\n\r\n",
   "httpResponse": "HTTP/1.1 101 Switching Protocols\r\nConnection: Upgrade\r\nDate: Wed, 18 Apr 2018 00:51:49 GMT\r\nServer: Kestrel\r\nUpgrade: websocket\r\nSec-WebSocket-Accept: aXLlHDH7gIACBJd/R15TC3N5iU8=\r\n\r\n",
   "id": "2.9",
   "isServer": false,
   "localCloseCode": 1000,
   "localCloseReason": null,
   "received": [
      [
         "pong",
         "ping payload"
      ]
   ],
   "remoteCloseCode": 1000,
   "remoteCloseReason": null,
   "reportCompressionRatio": false,
   "reportTime": false,
   "result": "Actual events match at least one expected.",
   "resultClose": "Connection was properly closed",
   "rxFrameStats": {
      "8": 1,
      "10": 1
   },
   "rxOctetStats": {
      "4": 1,
      "14": 1,
      "183": 1
   },
   "started": "2018-04-18T00:51:49.979Z",
   "trafficStats": null,
   "txFrameStats": {
      "8": 1,
      "9": 1,
      "10": 1
   },
   "txOctetStats": {
      "8": 1,
      "18": 1,
      "30": 1,
      "246": 1
   },
   "wasClean": true,
   "wasCloseHandshakeTimeout": false,
   "wasNotCleanReason": null,
   "wasOpenHandshakeTimeout": false,
   "wasServerConnectionDropTimeout": false,
   "wirelog": [
      [
         "TO",
         [
            246,
            "474554202f20485454502f312e310d0a557365722d4167656e743a204175746f6261686e5465737453756974652f302e372e362d302e31302e390d0a486f7374 ..."
         ],
         false
      ],
      [
         "RO",
         [
            183,
            "485454502f312e312031303120537769746368696e672050726f746f636f6c730d0a436f6e6e656374696f6e3a20557067726164650d0a446174653a20576564 ..."
         ]
      ],
      [
         "TF",
         [
            24,
            "unsolicited pong payload"
         ],
         10,
         true,
         0,
         "1e9bc6ae",
         null,
         null,
         false
      ],
      [
         "TO",
         [
            30,
            "8a981e9bc6ae6bf5b5c172f2a5c76afea28e6ef4a8c93eeba7d772f4a7ca"
         ],
         false
      ],
      [
         "TF",
         [
            12,
            "ping payload"
         ],
         9,
         true,
         0,
         "698ed677",
         null,
         null,
         false
      ],
      [
         "TO",
         [
            18,
            "898c698ed67719e7b81049feb70e05e1b713"
         ],
         false
      ],
      [
         "TI",
         1
      ],
      [
         "RO",
         [
            14,
            "8a0c70696e67207061796c6f6164"
         ]
      ],
      [
         "RF",
         [
            12,
            "ping payload"
         ],
         10,
         true,
         0,
         false,
         null
      ],
      [
         "TF",
         [
            2,
            "0x03e8"
         ],
         8,
         true,
         0,
         "ad85b174",
         null,
         null,
         false
      ],
      [
         "TO",
         [
            8,
            "8882ad85b174ae6d"
         ],
         false
      ],
      [
         "RO",
         [
            4,
            "880203e8"
         ]
      ],
      [
         "RF",
         [
            2,
            "0x03e8"
         ],
         8,
         true,
         0,
         false,
         null
      ]
   ]
}