{
   "agent": "TesteeServer",
   "behavior": "OK",
   "behaviorClose": "OK",
   "case": 16,
   "closedByMe": true,
   "createStats": true,
   "createWirelog": true,
   "description": "Send binary message message with payload of length 65536. Sent out data in chops of 997 octets.",
   "droppedByMe": false,
   "duration": 240,
   "expectation": "Receive echo'ed binary message (with payload as sent). Clean close with normal code.",
   "expected": {
      "OK": [
         [
            "message",
            "0xfefefefefefefefefefefefefefefefefefefefefefefefefefefefefefefefefefefefefefefefefefefefefefefefefefefefefefefefefefefefefefefefe ...",
            true
         ]
      ]
   },
   "expectedClose": {
      "closeCode": [
         1000
      ],
      "closedByMe": true,
      "requireClean": true
   },
   "failedByMe": false,
   "httpRequest": "GET / HTTP/1.1\r\nUser-Agent: AutobahnTestSuite/0.7.6-0.10.9\r\nHost: technikempire.com:80\r\nUpgrade: WebSocket\r\nConnection: Upgrade\r\nPragma: no-cache\r\nCache-Control: no-cache\r\nSec-WebSocket-Key: oIrHLHhgF2rvKkpCiEl0Vg==\r\nSec-WebSocket-Version: 13\r\n\r\n",
   "httpResponse": "HTTP/1.1 101 Switching Protocols\r\nConnection: Upgrade\r\nDate: Wed, 18 Apr 2018 00:51:48 GMT\r\nServer: Kestrel\r\nUpgrade: websocket\r\nSec-WebSocket-Accept: OXADVdjudrU7PGMRS9I5VAJFGf0=\r\n\r\n",
   "id": "1.2.8",
   "isServer": false,
   "localCloseCode": 1000,
   "localCloseReason": null,
   "received": [
      [
         "message",
         "0xfefefefefefefefefefefefefefefefefefefefefefefefefefefefefefefefefefefefefefefefefefefefefefefefefefefefefefefefefefefefefefefefe ...",
         true
      ]
   ],
   "remoteCloseCode": 1000,
   "remoteCloseReason": null,
   "reportCompressionRatio": false,
   "reportTime": false,
   "result": "Actual events match at least one expected.",
   "resultClose": "Connection was properly closed",
   "rxFrameStats": {
      "0": 17,
      "2": 1,
      "8": 1
   },
   "rxOctetStats": {
      "4": 1,
      "183": 1,
      "30568": 1,
      "35040": 1
   },
   "started": "2018-04-18T00:51:48.226Z",
   "trafficStats": null,
   "txFrameStats": {
      "2": 1,
      "8": 1
   },
   "txOctetStats": {
      "8": 1,
      "246": 1,
      "745": 1,
      "997": 65
   },
   "wasClean": true,
   "wasCloseHandshakeTimeout": false,
   "wasNotCleanReason": null,
   "wasOpenHandshakeTimeout": false,
   "wasServerConnectionDropTimeout": false,
   "wirelog": [
      [
         "TO",
         [
            246,
            "474554202f20485454502f312e310d0a557365722d4167656e743a204175746f6261686e5465737453756974652f302e372e362d302e31302e390d0a486f7374 ..."
         ],
         false
      ],
      [
         "RO",
         [
            183,
            "485454502f312e312031303120537769746368696e672050726f746f636f6c730d0a436f6e6e656374696f6e3a20557067726164650d0a446174653a20576564 ..."
         ]
      ],
      [
         "TF",
         [
            65536,
            "0xfefefefefefefefefefefefefefefefefefefefefefefefefefefefefefefefefefefefefefefefefefefefefefefefefefefefefefefefefefefefefefefefe ..."
         ],
         2,
         true,
         0,
         "b890a787",
         null,
         997,
         false
      ],
      [
         "TO",
         [
            997,
            "82ff0000000000010000b890a787466e5979466e5979466e5979466e5979466e5979466e5979466e5979466e5979466e5979466e5979466e5979466e5979466e ..."
         ],
         true
      ],
      [
         "KL",
         10
      ],
      [
         "TO",
         [
            997,
            "79466e5979466e5979466e5979466e5979466e5979466e5979466e5979466e5979466e5979466e5979466e5979466e5979466e5979466e5979466e5979466e59 ..."
         ],
         true
      ],
      [
         "TO",
         [
            997,
            "466e5979466e5979466e5979466e5979466e5979466e5979466e5979466e5979466e5979466e5979466e5979466e5979466e5979466e5979466e5979466e5979 ..."
         ],
         true
      ],
      [
         "TO",
         [
            997,
            "6e5979466e5979466e5979466e5979466e5979466e5979466e5979466e5979466e5979466e5979466e5979466e5979466e5979466e5979466e5979466e597946 ..."
         ],
         true
      ],
      [
         "TO",
         [
            997,
            "5979466e5979466e5979466e5979466e5979466e5979466e5979466e5979466e5979466e5979466e5979466e5979466e5979466e5979466e5979466e5979466e ..."
         ],
         true
      ],
      [
         "TO",
         [
            997,
            "79466e5979466e5979466e5979466e5979466e5979466e5979466e5979466e5979466e5979466e5979466e5979466e5979466e5979466e5979466e5979466e59 ..."
         ],
         true
      ],
      [
         "TO",
         [
            997,
            "466e5979466e5979466e5979466e5979466e5979466e5979466e5979466e5979466e5979466e5979466e5979466e5979466e5979466e5979466e5979466e5979 ..."
         ],
         true
      ],
      [
         "TO",
         [
            997,
            "6e5979466e5979466e5979466e5979466e5979466e5979466e5979466e5979466e5979466e5979466e5979466e5979466e5979466e5979466e5979466e597946 ..."
         ],
         true
      ],
      [
         "TO",
         [
            997,
            "5979466e5979466e5979466e5979466e5979466e5979466e5979466e5979466e5979466e5979466e5979466e5979466e5979466e5979466e5979466e5979466e ..."
         ],
         true
      ],
      [
         "TO",
         [
            997,
            "79466e5979466e5979466e5979466e5979466e5979466e5979466e5979466e5979466e5979466e5979466e5979466e5979466e5979466e5979466e5979466e59 ..."
         ],
         true
      ],
      [
         "TO",
         [
            997,
            "466e5979466e5979466e5979466e5979466e5979466e5979466e5979466e5979466e5979466e5979466e5979466e5979466e5979466e5979466e5979466e5979 ..."
         ],
         true
      ],
      [
         "TO",
         [
            997,
            "6e5979466e5979466e5979466e5979466e5979466e5979466e5979466e5979466e5979466e5979466e5979466e5979466e5979466e5979466e5979466e597946 ..."
         ],
         true
      ],
      [
         "TO",
         [
            997,
            "5979466e5979466e5979466e5979466e5979466e5979466e5979466e5979466e5979466e5979466e5979466e5979466e5979466e5979466e5979466e5979466e ..."
         ],
         true
      ],
      [
         "TO",
         [
            997,
            "79466e5979466e5979466e5979466e5979466e5979466e5979466e5979466e5979466e5979466e5979466e5979466e5979466e5979466e5979466e5979466e59 ..."
         ],
         true
      ],
      [
         "TO",
         [
            997,
            "466e5979466e5979466e5979466e5979466e5979466e5979466e5979466e5979466e5979466e5979466e5979466e5979466e5979466e5979466e5979466e5979 ..."
         ],
         true
      ],
      [
         "TO",
         [
            997,
            "6e5979466e5979466e5979466e5979466e5979466e5979466e5979466e5979466e5979466e5979466e5979466e5979466e5979466e5979466e5979466e597946 ..."
         ],
         true
      ],
      [
         "TO",
         [
            997,
            "5979466e5979466e5979466e5979466e5979466e5979466e5979466e5979466e5979466e5979466e5979466e5979466e5979466e5979466e5979466e5979466e ..."
         ],
         true
      ],
      [
         "TO",
         [
            997,
            "79466e5979466e5979466e5979466e5979466e5979466e5979466e5979466e5979466e5979466e5979466e5979466e5979466e5979466e5979466e5979466e59 ..."
         ],
         true
      ],
      [
         "TO",
         [
            997,
            "466e5979466e5979466e5979466e5979466e5979466e5979466e5979466e5979466e5979466e5979466e5979466e5979466e5979466e5979466e5979466e5979 ..."
         ],
         true
      ],
      [
         "TO",
         [
            997,
            "6e5979466e5979466e5979466e5979466e5979466e5979466e5979466e5979466e5979466e5979466e5979466e5979466e5979466e5979466e5979466e597946 ..."
         ],
         true
      ],
      [
         "TO",
         [
            997,
            "5979466e5979466e5979466e5979466e5979466e5979466e5979466e5979466e5979466e5979466e5979466e5979466e5979466e5979466e5979466e5979466e ..."
         ],
         true
      ],
      [
         "TO",
         [
            997,
            "79466e5979466e5979466e5979466e5979466e5979466e5979466e5979466e5979466e5979466e5979466e5979466e5979466e5979466e5979466e5979466e59 ..."
         ],
         true
      ],
      [
         "TO",
         [
            997,
            "466e5979466e5979466e5979466e5979466e5979466e5979466e5979466e5979466e5979466e5979466e5979466e5979466e5979466e5979466e5979466e5979 ..."
         ],
         true
      ],
      [
         "TO",
         [
            997,
            "6e5979466e5979466e5979466e5979466e5979466e5979466e5979466e5979466e5979466e5979466e5979466e5979466e5979466e5979466e5979466e597946 ..."
         ],
         true
      ],
      [
         "TO",
         [
            997,
            "5979466e5979466e5979466e5979466e5979466e5979466e5979466e5979466e5979466e5979466e5979466e5979466e5979466e5979466e5979466e5979466e ..."
         ],
         true
      ],
      [
         "TO",
         [
            997,
            "79466e5979466e5979466e5979466e5979466e5979466e5979466e5979466e5979466e5979466e5979466e5979466e5979466e5979466e5979466e5979466e59 ..."
         ],
         true
      ],
      [
         "TO",
         [
            997,
            "466e5979466e5979466e5979466e5979466e5979466e5979466e5979466e5979466e5979466e5979466e5979466e5979466e5979466e5979466e5979466e5979 ..."
         ],
         true
      ],
      [
         "TO",
         [
            997,
            "6e5979466e5979466e5979466e5979466e5979466e5979466e5979466e5979466e5979466e5979466e5979466e5979466e5979466e5979466e5979466e597946 ..."
         ],
         true
      ],
      [
         "TO",
         [
            997,
            "5979466e5979466e5979466e5979466e5979466e5979466e5979466e5979466e5979466e5979466e5979466e5979466e5979466e5979466e5979466e5979466e ..."
         ],
         true
      ],
      [
         "TO",
         [
            997,
            "79466e5979466e5979466e5979466e5979466e5979466e5979466e5979466e5979466e5979466e5979466e5979466e5979466e5979466e5979466e5979466e59 ..."
         ],
         true
      ],
      [
         "TO",
         [
            997,
            "466e5979466e5979466e5979466e5979466e5979466e5979466e5979466e5979466e5979466e5979466e5979466e5979466e5979466e5979466e5979466e5979 ..."
         ],
         true
      ],
      [
         "TO",
         [
            997,
            "6e5979466e5979466e5979466e5979466e5979466e5979466e5979466e5979466e5979466e5979466e5979466e5979466e5979466e5979466e5979466e597946 ..."
         ],
         true
      ],
      [
         "TO",
         [
            997,
            "5979466e5979466e5979466e5979466e5979466e5979466e5979466e5979466e5979466e5979466e5979466e5979466e5979466e5979466e5979466e5979466e ..."
         ],
         true
      ],
      [
         "TO",
         [
            997,
            "79466e5979466e5979466e5979466e5979466e5979466e5979466e5979466e5979466e5979466e5979466e5979466e5979466e5979466e5979466e5979466e59 ..."
         ],
         true
      ],
      [
         "TO",
         [
            997,
            "466e5979466e5979466e5979466e5979466e5979466e5979466e5979466e5979466e5979466e5979466e5979466e5979466e5979466e5979466e5979466e5979 ..."
         ],
         true
      ],
      [
         "TO",
         [
            997,
            "6e5979466e5979466e5979466e5979466e5979466e5979466e5979466e5979466e5979466e5979466e5979466e5979466e5979466e5979466e5979466e597946 ..."
         ],
         true
      ],
      [
         "TO",
         [
            997,
            "5979466e5979466e5979466e5979466e5979466e5979466e5979466e5979466e5979466e5979466e5979466e5979466e5979466e5979466e5979466e5979466e ..."
         ],
         true
      ],
      [
         "TO",
         [
            997,
            "79466e5979466e5979466e5979466e5979466e5979466e5979466e5979466e5979466e5979466e5979466e5979466e5979466e5979466e5979466e5979466e59 ..."
         ],
         true
      ],
      [
         "TO",
         [
            997,
            "466e5979466e5979466e5979466e5979466e5979466e5979466e5979466e5979466e5979466e5979466e5979466e5979466e5979466e5979466e5979466e5979 ..."
         ],
         true
      ],
      [
         "TO",
         [
            997,
            "6e5979466e5979466e5979466e5979466e5979466e5979466e5979466e5979466e5979466e5979466e5979466e5979466e5979466e5979466e5979466e597946 ..."
         ],
         true
      ],
      [
         "TO",
         [
            997,
            "5979466e5979466e5979466e5979466e5979466e5979466e5979466e5979466e5979466e5979466e5979466e5979466e5979466e5979466e5979466e5979466e ..."
         ],
         true
      ],
      [
         "TO",
         [
            997,
            "79466e5979466e5979466e5979466e5979466e5979466e5979466e5979466e5979466e5979466e5979466e5979466e5979466e5979466e5979466e5979466e59 ..."
         ],
         true
      ],
      [
         "TO",
         [
            997,
            "466e5979466e5979466e5979466e5979466e5979466e5979466e5979466e5979466e5979466e5979466e5979466e5979466e5979466e5979466e5979466e5979 ..."
         ],
         true
      ],
      [
         "TO",
         [
            997,
            "6e5979466e5979466e5979466e5979466e5979466e5979466e5979466e5979466e5979466e5979466e5979466e5979466e5979466e5979466e5979466e597946 ..."
         ],
         true
      ],
      [
         "TO",
         [
            997,
            "5979466e5979466e5979466e5979466e5979466e5979466e5979466e5979466e5979466e5979466e5979466e5979466e5979466e5979466e5979466e5979466e ..."
         ],
         true
      ],
      [
         "TO",
         [
            997,
            "79466e5979466e5979466e5979466e5979466e5979466e5979466e5979466e5979466e5979466e5979466e5979466e5979466e5979466e5979466e5979466e59 ..."
         ],
         true
      ],
      [
         "TO",
         [
            997,
            "466e5979466e5979466e5979466e5979466e5979466e5979466e5979466e5979466e5979466e5979466e5979466e5979466e5979466e5979466e5979466e5979 ..."
         ],
         true
      ],
      [
         "TO",
         [
            997,
            "6e5979466e5979466e5979466e5979466e5979466e5979466e5979466e5979466e5979466e5979466e5979466e5979466e5979466e5979466e5979466e597946 ..."
         ],
         true
      ],
      [
         "TO",
         [
            997,
            "5979466e5979466e5979466e5979466e5979466e5979466e5979466e5979466e5979466e5979466e5979466e5979466e5979466e5979466e5979466e5979466e ..."
         ],
         true
      ],
      [
         "TO",
         [
            997,
            "79466e5979466e5979466e5979466e5979466e5979466e5979466e5979466e5979466e5979466e5979466e5979466e5979466e5979466e5979466e5979466e59 ..."
         ],
         true
      ],
      [
         "TO",
         [
            997,
            "466e5979466e5979466e5979466e5979466e5979466e5979466e5979466e5979466e5979466e5979466e5979466e5979466e5979466e5979466e5979466e5979 ..."
         ],
         true
      ],
      [
         "TO",
         [
            997,
            "6e5979466e5979466e5979466e5979466e5979466e5979466e5979466e5979466e5979466e5979466e5979466e5979466e5979466e5979466e5979466e597946 ..."
         ],
         true
      ],
      [
         "TO",
         [
            997,
            "5979466e5979466e5979466e5979466e5979466e5979466e5979466e5979466e5979466e5979466e5979466e5979466e5979466e5979466e5979466e5979466e ..."
         ],
         true
      ],
      [
         "TO",
         [
            997,
            "79466e5979466e5979466e5979466e5979466e5979466e5979466e5979466e5979466e5979466e5979466e5979466e5979466e5979466e5979466e5979466e59 ..."
         ],
         true
      ],
      [
         "TO",
         [
            997,
            "466e5979466e5979466e5979466e5979466e5979466e5979466e5979466e5979466e5979466e5979466e5979466e5979466e5979466e5979466e5979466e5979 ..."
         ],
         true
      ],
      [
         "TO",
         [
            997,
            "6e5979466e5979466e5979466e5979466e5979466e5979466e5979466e5979466e5979466e5979466e5979466e5979466e5979466e5979466e5979466e597946 ..."
         ],
         true
      ],
      [
         "TO",
         [
            997,
            "5979466e5979466e5979466e5979466e5979466e5979466e5979466e5979466e5979466e5979466e5979466e5979466e5979466e5979466e5979466e5979466e ..."
         ],
         true
      ],
      [
         "TO",
         [
            997,
            "79466e5979466e5979466e5979466e5979466e5979466e5979466e5979466e5979466e5979466e5979466e5979466e5979466e5979466e5979466e5979466e59 ..."
         ],
         true
      ],
      [
         "TO",
         [
            997,
            "466e5979466e5979466e5979466e5979466e5979466e5979466e5979466e5979466e5979466e5979466e5979466e5979466e5979466e5979466e5979466e5979 ..."
         ],
         true
      ],
      [
         "TO",
         [
            997,
            "6e5979466e5979466e5979466e5979466e5979466e5979466e5979466e5979466e5979466e5979466e5979466e5979466e5979466e5979466e5979466e597946 ..."
         ],
         true
      ],
      [
         "TO",
         [
            997,
            "5979466e5979466e5979466e5979466e5979466e5979466e5979466e5979466e5979466e5979466e5979466e5979466e5979466e5979466e5979466e5979466e ..."
         ],
         true
      ],
      [
         "TO",
         [
            997,
            "79466e5979466e5979466e5979466e5979466e5979466e5979466e5979466e5979466e5979466e5979466e5979466e5979466e5979466e5979466e5979466e59 ..."
         ],
         true
      ],
      [
         "TO",
         [
            997,
            "466e5979466e5979466e5979466e5979466e5979466e5979466e5979466e5979466e5979466e5979466e5979466e5979466e5979466e5979466e5979466e5979 ..."
         ],
         true
      ],
      [
         "TO",
         [
            997,
            "6e5979466e5979466e5979466e5979466e5979466e5979466e5979466e5979466e5979466e5979466e5979466e5979466e5979466e5979466e5979466e597946 ..."
         ],
         true
      ],
      [
         "TO",
         [
            997,
            "5979466e5979466e5979466e5979466e5979466e5979466e5979466e5979466e5979466e5979466e5979466e5979466e5979466e5979466e5979466e5979466e ..."
         ],
         true
      ],
      [
         "TO",
         [
            745,
            "79466e5979466e5979466e5979466e5979466e5979466e5979466e5979466e5979466e5979466e5979466e5979466e5979466e5979466e5979466e5979466e59 ..."
         ],
         true
      ],
      [
         "RO",
         [
            35040,
            "027e1000fefefefefefefefefefefefefefefefefefefefefefefefefefefefefefefefefefefefefefefefefefefefefefefefefefefefefefefefefefefefe ..."
         ]
      ],
      [
         "RF",
         [
            4096,
            "0xfefefefefefefefefefefefefefefefefefefefefefefefefefefefefefefefefefefefefefefefefefefefefefefefefefefefefefefefefefefefefefefefe ..."
         ],
         2,
         false,
         0,
         false,
         null
      ],
      [
         "RF",
         [
            4096,
            "0xfefefefefefefefefefefefefefefefefefefefefefefefefefefefefefefefefefefefefefefefefefefefefefefefefefefefefefefefefefefefefefefefe ..."
         ],
         0,
         false,
         0,
         false,
         null
      ],
      [
         "RF",
         [
            4096,
            "0xfefefefefefefefefefefefefefefefefefefefefefefefefefefefefefefefefefefefefefefefefefefefefefefefefefefefefefefefefefefefefefefefe ..."
         ],
         0,
         false,
         0,
         false,
         null
      ],
      [
         "RF",
         [
            4096,
            "0xfefefefefefefefefefefefefefefefefefefefefefefefefefefefefefefefefefefefefefefefefefefefefefefefefefefefefefefefefefefefefefefefe ..."
         ],
         0,
         false,
         0,
         false,
         null
      ],
      [
         "RF",
         [
            4096,
            "0xfefefefefefefefefefefefefefefefefefefefefefefefefefefefefefefefefefefefefefefefefefefefefefefefefefefefefefefefefefefefefefefefe ..."
         ],
         0,
         false,
         0,
         false,
         null
      ],
      [
         "RF",
         [
            4096,
            "0xfefefefefefefefefefefefefefefefefefefefefefefefefefefefefefefefefefefefefefefefefefefefefefefefefefefefefefefefefefefefefefefefe ..."
         ],
         0,
         false,
         0,
         false,
         null
      ],
      [
         "RF",
         [
            4096,
            "0xfefefefefefefefefefefefefefefefefefefefefefefefefefefefefefefefefefefefefefefefefefefefefefefefefefefefefefefefefefefefefefefefe ..."
         ],
         0,
         false,
         0,
         false,
         null
      ],
      [
         "RF",
         [
            4096,
            "0xfefefefefefefefefefefefefefefefefefefefefefefefefefefefefefefefefefefefefefefefefefefefefefefefefefefefefefefefefefefefefefefefe ..."
         ],
         0,
         false,
         0,
         false,
         null
      ],
      [
         "RO",
         [
            30568,
            "fefefefefefefefefefefefefefefefefefefefefefefefefefefefefefefefefefefefefefefefefefefefefefefefefefefefefefefefefefefefefefefefe ..."
         ]
      ],
      [
         "RF",
         [
            4096,
            "0xfefefefefefefefefefefefefefefefefefefefefefefefefefefefefefefefefefefefefefefefefefefefefefefefefefefefefefefefefefefefefefefefe ..."
         ],
         0,
         false,
         0,
         false,
         null
      ],
      [
         "RF",
         [
            4096,
            "0xfefefefefefefefefefefefefefefefefefefefefefefefefefefefefefefefefefefefefefefefefefefefefefefefefefefefefefefefefefefefefefefefe ..."
         ],
         0,
         false,
         0,
         false,
         null
      ],
      [
         "RF",
         [
            4096,
            "0xfefefefefefefefefefefefefefefefefefefefefefefefefefefefefefefefefefefefefefefefefefefefefefefefefefefefefefefefefefefefefefefefe ..."
         ],
         0,
         false,
         0,
         false,
         null
      ],
      [
         "RF",
         [
            1654,
            "0xfefefefefefefefefefefefefefefefefefefefefefefefefefefefefefefefefefefefefefefefefefefefefefefefefefefefefefefefefefefefefefefefe ..."
         ],
         0,
         false,
         0,
         false,
         null
      ],
      [
         "RF",
         [
            4096,
            "0xfefefefefefefefefefefefefefefefefefefefefefefefefefefefefefefefefefefefefefefefefefefefefefefefefefefefefefefefefefefefefefefefe ..."
         ],
         0,
         false,
         0,
         false,
         null
      ],
      [
         "RF",
         [
            4096,
            "0xfefefefefefefefefefefefefefefefefefefefefefefefefefefefefefefefefefefefefefefefefefefefefefefefefefefefefefefefefefefefefefefefe ..."
         ],
         0,
         false,
         0,
         false,
         null
      ],
      [
         "RF",
         [
            4096,
            "0xfefefefefefefefefefefefefefefefefefefefefefefefefefefefefefefefefefefefefefefefefefefefefefefefefefefefefefefefefefefefefefefefe ..."
         ],
         0,
         false,
         0,
         false,
         null
      ],
      [
         "RF",
         [
            4096,
            "0xfefefefefefefefefefefefefefefefefefefefefefefefefefefefefefefefefefefefefefefefefefefefefefefefefefefefefefefefefefefefefefefefe ..."
         ],
         0,
         false,
         0,
         false,
         null
      ],
      [
         "RF",
         [
            1136,
            "0xfefefefefefefefefefefefefefefefefefefefefefefefefefefefefefefefefefefefefefefefefefefefefefefefefefefefefefefefefefefefefefefefe ..."
         ],
         0,
         false,
         0,
         false,
         null
      ],
      [
         "RF",
         [
            1306,
            "0xfefefefefefefefefefefefefefefefefefefefefefefefefefefefefefefefefefefefefefefefefefefefefefefefefefefefefefefefefefefefefefefefe ..."
         ],
         0,
         true,
         0,
         false,
         null
      ],
      [
         "TF",
         [
            2,
            "0x03e8"
         ],
         8,
         true,
         0,
         "b084b1aa",
         null,
         null,
         false
      ],
      [
         "TO",
         [
            8,
            "8882b084b1aab36c"
         ],
         false
      ],
      [
         "RO",
         [
            4,
            "880203e8"
         ]
      ],
      [
         "RF",
         [
            2,
            "0x03e8"
         ],
         8,
         true,
         0,
         false,
         null
      ]
   ]
}