{
   "agent": "TesteeServer",
   "behavior": "OK",
   "behaviorClose": "OK",
   "case": 18,
   "closedByMe": true,
   "createStats": true,
   "createWirelog": true,
   "description": "Send ping with small text payload.",
   "droppedByMe": false,
   "duration": 66,
   "expectation": "Pong with payload echo'ed is sent in reply to Ping. Clean close with normal code.",
   "expected": {
      "OK": [
         [
            "pong",
            "Hello, world!"
         ]
      ]
   },
   "expectedClose": {
      "closeCode": [
         1000
      ],
      "closedByMe": true,
      "requireClean": true
   },
   "failedByMe": false,
   "httpRequest": "GET / HTTP/1.1\r\nUser-Agent: AutobahnTestSuite/0.7.6-0.10.9\r\nHost: technikempire.com:80\r\nUpgrade: WebSocket\r\nConnection: Upgrade\r\nPragma: no-cache\r\nCache-Control: no-cache\r\nSec-WebSocket-Key: 77cMJPm7lvcqlVHyI1ptsQ==\r\nSec-WebSocket-Version: 13\r\n\r\n",
   "httpResponse": "HTTP/1.1 101 Switching Protocols\r\nConnection: Upgrade\r\nDate: Wed, 18 Apr 2018 00:51:48 GMT\r\nServer: Kestrel\r\nUpgrade: websocket\r\nSec-WebSocket-Accept: v9C+JzfDoasDQN8xC55x/h3VInY=\r\n\r\n",
   "id": "2.2",
   "isServer": false,
   "localCloseCode": 1000,
   "localCloseReason": null,
   "received": [
      [
         "pong",
         "Hello, world!"
      ]
   ],
   "remoteCloseCode": 1000,
   "remoteCloseReason": null,
   "reportCompressionRatio": false,
   "reportTime": false,
   "result": "Actual events match at least one expected.",
   "resultClose": "Connection was properly closed",
   "rxFrameStats": {
      "8": 1,
      "10": 1
   },
   "rxOctetStats": {
      "4": 1,
      "15": 1,
      "183": 1
   },
   "started": "2018-04-18T00:51:48.755Z",
   "trafficStats": null,
   "txFrameStats": {
      "8": 1,
      "9": 1
   },
   "txOctetStats": {
      "8": 1,
      "19": 1,
      "246": 1
   },
   "wasClean": true,
   "wasCloseHandshakeTimeout": false,
   "wasNotCleanReason": null,
   "wasOpenHandshakeTimeout": false,
   "wasServerConnectionDropTimeout": false,
   "wirelog": [
      [
         "TO",
         [
            246,
            "474554202f20485454502f312e310d0a557365722d4167656e743a204175746f6261686e5465737453756974652f302e372e362d302e31302e390d0a486f7374 ..."
         ],
         false
      ],
      [
         "RO",
         [
            183,
            "485454502f312e312031303120537769746368696e672050726f746f636f6c730d0a436f6e6e656374696f6e3a20557067726164650d0a446174653a20576564 ..."
         ]
      ],
      [
         "TF",
         [
            13,
            "Hello, world!"
         ],
         9,
         true,
         0,
         "a5ba8af7",
         null,
         null,
         false
      ],
      [
         "TO",
         [
            19,
            "898da5ba8af7eddfe69bca96aa80cac8e69384"
         ],
         false
      ],
      [
         "TI",
         1
      ],
      [
         "RO",
         [
            15,
            "8a0d48656c6c6f2c20776f726c6421"
         ]
      ],
      [
         "RF",
         [
            13,
            "Hello, world!"
         ],
         10,
         true,
         0,
         false,
         null
      ],
      [
         "TF",
         [
            2,
            "0x03e8"
         ],
         8,
         true,
         0,
         "81f4f312",
         null,
         null,
         false
      ],
      [
         "TO",
         [
            8,
            "888281f4f312821c"
         ],
         false
      ],
      [
         "RO",
         [
            4,
            "880203e8"
         ]
      ],
      [
         "RF",
         [
            2,
            "0x03e8"
         ],
         8,
         true,
         0,
         false,
         null
      ]
   ]
}