{
   "agent": "TesteeServer",
   "behavior": "OK",
   "behaviorClose": "OK",
   "case": 27,
   "closedByMe": true,
   "createStats": true,
   "createWirelog": true,
   "description": "Send 10 Pings with payload. Send out octets in octet-wise chops.",
   "droppedByMe": false,
   "duration": 195,
   "expectation": "Pongs for our Pings with all the payloads. Note: This is not required by the Spec .. but we check for this behaviour anyway. Clean close with normal code.",
   "expected": {
      "OK": [
         [
            "pong",
            "payload-0"
         ],
         [
            "pong",
            "payload-1"
         ],
         [
            "pong",
            "payload-2"
         ],
         [
            "pong",
            "payload-3"
         ],
         [
            "pong",
            "payload-4"
         ],
         [
            "pong",
            "payload-5"
         ],
         [
            "pong",
            "payload-6"
         ],
         [
            "pong",
            "payload-7"
         ],
         [
            "pong",
            "payload-8"
         ],
         [
            "pong",
            "payload-9"
         ]
      ]
   },
   "expectedClose": {
      "closeCode": [
         1000
      ],
      "closedByMe": true,
      "requireClean": true
   },
   "failedByMe": false,
   "httpRequest": "GET / HTTP/1.1\r\nUser-Agent: AutobahnTestSuite/0.7.6-0.10.9\r\nHost: technikempire.com:80\r\nUpgrade: WebSocket\r\nConnection: Upgrade\r\nPragma: no-cache\r\nCache-Control: no-cache\r\nSec-WebSocket-Key: Z1Cwetb9JD5ixhQ6dzckoQ==\r\nSec-WebSocket-Version: 13\r\n\r\n",
   "httpResponse": "HTTP/1.1 101 Switching Protocols\r\nConnection: Upgrade\r\nDate: Wed, 18 Apr 2018 00:51:50 GMT\r\nServer: Kestrel\r\nUpgrade: websocket\r\nSec-WebSocket-Accept: JjWE0NufhWoVK4XsVcAMOL5HByA=\r\n\r\n",
   "id": "2.11",
   "isServer": false,
   "localCloseCode": 1000,
   "localCloseReason": null,
   "received": [
      [
         "pong",
         "payload-0"
      ],
      [
         "pong",
         "payload-1"
      ],
      [
         "pong",
         "payload-2"
      ],
      [
         "pong",
         "payload-3"
      ],
      [
         "pong",
         "payload-4"
      ],
      [
         "pong",
         "payload-5"
      ],
      [
         "pong",
         "payload-6"
      ],
      [
         "pong",
         "payload-7"
      ],
      [
         "pong",
         "payload-8"
      ],
      [
         "pong",
         "payload-9"
      ]
   ],
   "remoteCloseCode": 1000,
   "remoteCloseReason": null,
   "reportCompressionRatio": false,
   "reportTime": false,
   "result": "Actual events match at least one expected.",
   "resultClose": "Connection was properly closed",
   "rxFrameStats": {
      "8": 1,
      "10": 10
   },
   "rxOctetStats": {
      "4": 1,
      "11": 10,
      "183": 1
   },
   "started": "2018-04-18T00:51:50.277Z",
   "trafficStats": null,
   "txFrameStats": {
      "8": 1,
      "9": 10
   },
   "txOctetStats": {
      "1": 150,
      "8": 1,
      "246": 1
   },
   "wasClean": true,
   "wasCloseHandshakeTimeout": false,
   "wasNotCleanReason": null,
   "wasOpenHandshakeTimeout": false,
   "wasServerConnectionDropTimeout": false,
   "wirelog": [
      [
         "TO",
         [
            246,
            "474554202f20485454502f312e310d0a557365722d4167656e743a204175746f6261686e5465737453756974652f302e372e362d302e31302e390d0a486f7374 ..."
         ],
         false
      ],
      [
         "RO",
         [
            183,
            "485454502f312e312031303120537769746368696e672050726f746f636f6c730d0a436f6e6e656374696f6e3a20557067726164650d0a446174653a20576564 ..."
         ]
      ],
      [
         "TF",
         [
            9,
            "payload-0"
         ],
         9,
         true,
         0,
         "f57e4f01",
         null,
         1,
         false
      ],
      [
         "TO",
         [
            1,
            "89"
         ],
         true
      ],
      [
         "TF",
         [
            9,
            "payload-1"
         ],
         9,
         true,
         0,
         "f305dfd3",
         null,
         1,
         false
      ],
      [
         "TF",
         [
            9,
            "payload-2"
         ],
         9,
         true,
         0,
         "35845f09",
         null,
         1,
         false
      ],
      [
         "TF",
         [
            9,
            "payload-3"
         ],
         9,
         true,
         0,
         "f463cc47",
         null,
         1,
         false
      ],
      [
         "TF",
         [
            9,
            "payload-4"
         ],
         9,
         true,
         0,
         "d32faac7",
         null,
         1,
         false
      ],
      [
         "TF",
         [
            9,
            "payload-5"
         ],
         9,
         true,
         0,
         "e44ac088",
         null,
         1,
         false
      ],
      [
         "TF",
         [
            9,
            "payload-6"
         ],
         9,
         true,
         0,
         "415ea654",
         null,
         1,
         false
      ],
      [
         "TF",
         [
            9,
            "payload-7"
         ],
         9,
         true,
         0,
         "ec1a1b79",
         null,
         1,
         false
      ],
      [
         "TF",
         [
            9,
            "payload-8"
         ],
         9,
         true,
         0,
         "a9d78271",
         null,
         1,
         false
      ],
      [
         "TF",
         [
            9,
            "payload-9"
         ],
         9,
         true,
         0,
         "09ff0a86",
         null,
         1,
         false
      ],
      [
         "TI",
         3
      ],
      [
         "TO",
         [
            1,
            "89"
         ],
         true
      ],
      [
         "TO",
         [
            1,
            "f5"
         ],
         true
      ],
      [
         "TO",
         [
            1,
            "7e"
         ],
         true
      ],
      [
         "TO",
         [
            1,
            "4f"
         ],
         true
      ],
      [
         "TO",
         [
            1,
            "01"
         ],
         true
      ],
      [
         "TO",
         [
            1,
            "85"
         ],
         true
      ],
      [
         "TO",
         [
            1,
            "1f"
         ],
         true
      ],
      [
         "TO",
         [
            1,
            "36"
         ],
         true
      ],
      [
         "TO",
         [
            1,
            "6d"
         ],
         true
      ],
      [
         "TO",
         [
            1,
            "9a"
         ],
         true
      ],
      [
         "TO",
         [
            1,
            "1f"
         ],
         true
      ],
      [
         "TO",
         [
            1,
            "2b"
         ],
         true
      ],
      [
         "TO",
         [
            1,
            "2c"
         ],
         true
      ],
      [
         "TO",
         [
            1,
            "c5"
         ],
         true
      ],
      [
         "RO",
         [
            11,
            "8a097061796c6f61642d30"
         ]
      ],
      [
         "RF",
         [
            9,
            "payload-0"
         ],
         10,
         true,
         0,
         false,
         null
      ],
      [
         "TO",
         [
            1,
            "89"
         ],
         true
      ],
      [
         "TO",
         [
            1,
            "89"
         ],
         true
      ],
      [
         "TO",
         [
            1,
            "f3"
         ],
         true
      ],
      [
         "TO",
         [
            1,
            "05"
         ],
         true
      ],
      [
         "TO",
         [
            1,
            "df"
         ],
         true
      ],
      [
         "TO",
         [
            1,
            "d3"
         ],
         true
      ],
      [
         "TO",
         [
            1,
            "83"
         ],
         true
      ],
      [
         "TO",
         [
            1,
            "64"
         ],
         true
      ],
      [
         "TO",
         [
            1,
            "a6"
         ],
         true
      ],
      [
         "TO",
         [
            1,
            "bf"
         ],
         true
      ],
      [
         "TO",
         [
            1,
            "9c"
         ],
         true
      ],
      [
         "TO",
         [
            1,
            "64"
         ],
         true
      ],
      [
         "TO",
         [
            1,
            "bb"
         ],
         true
      ],
      [
         "TO",
         [
            1,
            "fe"
         ],
         true
      ],
      [
         "TO",
         [
            1,
            "c2"
         ],
         true
      ],
      [
         "RO",
         [
            11,
            "8a097061796c6f61642d31"
         ]
      ],
      [
         "RF",
         [
            9,
            "payload-1"
         ],
         10,
         true,
         0,
         false,
         null
      ],
      [
         "TO",
         [
            1,
            "89"
         ],
         true
      ],
      [
         "TO",
         [
            1,
            "89"
         ],
         true
      ],
      [
         "TO",
         [
            1,
            "35"
         ],
         true
      ],
      [
         "TO",
         [
            1,
            "84"
         ],
         true
      ],
      [
         "TO",
         [
            1,
            "5f"
         ],
         true
      ],
      [
         "TO",
         [
            1,
            "09"
         ],
         true
      ],
      [
         "TO",
         [
            1,
            "45"
         ],
         true
      ],
      [
         "TO",
         [
            1,
            "e5"
         ],
         true
      ],
      [
         "TO",
         [
            1,
            "26"
         ],
         true
      ],
      [
         "TO",
         [
            1,
            "65"
         ],
         true
      ],
      [
         "TO",
         [
            1,
            "5a"
         ],
         true
      ],
      [
         "TO",
         [
            1,
            "e5"
         ],
         true
      ],
      [
         "TO",
         [
            1,
            "3b"
         ],
         true
      ],
      [
         "TO",
         [
            1,
            "24"
         ],
         true
      ],
      [
         "TO",
         [
            1,
            "07"
         ],
         true
      ],
      [
         "RO",
         [
            11,
            "8a097061796c6f61642d32"
         ]
      ],
      [
         "RF",
         [
            9,
            "payload-2"
         ],
         10,
         true,
         0,
         false,
         null
      ],
      [
         "TO",
         [
            1,
            "89"
         ],
         true
      ],
      [
         "TO",
         [
            1,
            "89"
         ],
         true
      ],
      [
         "TO",
         [
            1,
            "f4"
         ],
         true
      ],
      [
         "TO",
         [
            1,
            "63"
         ],
         true
      ],
      [
         "TO",
         [
            1,
            "cc"
         ],
         true
      ],
      [
         "TO",
         [
            1,
            "47"
         ],
         true
      ],
      [
         "TO",
         [
            1,
            "84"
         ],
         true
      ],
      [
         "TO",
         [
            1,
            "02"
         ],
         true
      ],
      [
         "TO",
         [
            1,
            "b5"
         ],
         true
      ],
      [
         "TO",
         [
            1,
            "2b"
         ],
         true
      ],
      [
         "TO",
         [
            1,
            "9b"
         ],
         true
      ],
      [
         "TO",
         [
            1,
            "02"
         ],
         true
      ],
      [
         "TO",
         [
            1,
            "a8"
         ],
         true
      ],
      [
         "TO",
         [
            1,
            "6a"
         ],
         true
      ],
      [
         "TO",
         [
            1,
            "c7"
         ],
         true
      ],
      [
         "RO",
         [
            11,
            "8a097061796c6f61642d33"
         ]
      ],
      [
         "RF",
         [
            9,
            "payload-3"
         ],
         10,
         true,
         0,
         false,
         null
      ],
      [
         "TO",
         [
            1,
            "89"
         ],
         true
      ],
      [
         "TO",
         [
            1,
            "89"
         ],
         true
      ],
      [
         "TO",
         [
            1,
            "d3"
         ],
         true
      ],
      [
         "TO",
         [
            1,
            "2f"
         ],
         true
      ],
      [
         "TO",
         [
            1,
            "aa"
         ],
         true
      ],
      [
         "TO",
         [
            1,
            "c7"
         ],
         true
      ],
      [
         "TO",
         [
            1,
            "a3"
         ],
         true
      ],
      [
         "TO",
         [
            1,
            "4e"
         ],
         true
      ],
      [
         "TO",
         [
            1,
            "d3"
         ],
         true
      ],
      [
         "TO",
         [
            1,
            "ab"
         ],
         true
      ],
      [
         "TO",
         [
            1,
            "bc"
         ],
         true
      ],
      [
         "TO",
         [
            1,
            "4e"
         ],
         true
      ],
      [
         "TO",
         [
            1,
            "ce"
         ],
         true
      ],
      [
         "TO",
         [
            1,
            "ea"
         ],
         true
      ],
      [
         "TO",
         [
            1,
            "e7"
         ],
         true
      ],
      [
         "RO",
         [
            11,
            "8a097061796c6f61642d34"
         ]
      ],
      [
         "RF",
         [
            9,
            "payload-4"
         ],
         10,
         true,
         0,
         false,
         null
      ],
      [
         "TO",
         [
            1,
            "89"
         ],
         true
      ],
      [
         "TO",
         [
            1,
            "89"
         ],
         true
      ],
      [
         "TO",
         [
            1,
            "e4"
         ],
         true
      ],
      [
         "TO",
         [
            1,
            "4a"
         ],
         true
      ],
      [
         "TO",
         [
            1,
            "c0"
         ],
         true
      ],
      [
         "TO",
         [
            1,
            "88"
         ],
         true
      ],
      [
         "TO",
         [
            1,
            "94"
         ],
         true
      ],
      [
         "TO",
         [
            1,
            "2b"
         ],
         true
      ],
      [
         "TO",
         [
            1,
            "b9"
         ],
         true
      ],
      [
         "TO",
         [
            1,
            "e4"
         ],
         true
      ],
      [
         "TO",
         [
            1,
            "8b"
         ],
         true
      ],
      [
         "TO",
         [
            1,
            "2b"
         ],
         true
      ],
      [
         "TO",
         [
            1,
            "a4"
         ],
         true
      ],
      [
         "TO",
         [
            1,
            "a5"
         ],
         true
      ],
      [
         "TO",
         [
            1,
            "d1"
         ],
         true
      ],
      [
         "RO",
         [
            11,
            "8a097061796c6f61642d35"
         ]
      ],
      [
         "RF",
         [
            9,
            "payload-5"
         ],
         10,
         true,
         0,
         false,
         null
      ],
      [
         "TO",
         [
            1,
            "89"
         ],
         true
      ],
      [
         "TO",
         [
            1,
            "89"
         ],
         true
      ],
      [
         "TO",
         [
            1,
            "41"
         ],
         true
      ],
      [
         "TO",
         [
            1,
            "5e"
         ],
         true
      ],
      [
         "TO",
         [
            1,
            "a6"
         ],
         true
      ],
      [
         "TO",
         [
            1,
            "54"
         ],
         true
      ],
      [
         "TO",
         [
            1,
            "31"
         ],
         true
      ],
      [
         "TO",
         [
            1,
            "3f"
         ],
         true
      ],
      [
         "TO",
         [
            1,
            "df"
         ],
         true
      ],
      [
         "TO",
         [
            1,
            "38"
         ],
         true
      ],
      [
         "TO",
         [
            1,
            "2e"
         ],
         true
      ],
      [
         "TO",
         [
            1,
            "3f"
         ],
         true
      ],
      [
         "TO",
         [
            1,
            "c2"
         ],
         true
      ],
      [
         "TO",
         [
            1,
            "79"
         ],
         true
      ],
      [
         "TO",
         [
            1,
            "77"
         ],
         true
      ],
      [
         "RO",
         [
            11,
            "8a097061796c6f61642d36"
         ]
      ],
      [
         "RF",
         [
            9,
            "payload-6"
         ],
         10,
         true,
         0,
         false,
         null
      ],
      [
         "TO",
         [
            1,
            "89"
         ],
         true
      ],
      [
         "TO",
         [
            1,
            "89"
         ],
         true
      ],
      [
         "TO",
         [
            1,
            "ec"
         ],
         true
      ],
      [
         "TO",
         [
            1,
            "1a"
         ],
         true
      ],
      [
         "TO",
         [
            1,
            "1b"
         ],
         true
      ],
      [
         "TO",
         [
            1,
            "79"
         ],
         true
      ],
      [
         "TO",
         [
            1,
            "9c"
         ],
         true
      ],
      [
         "TO",
         [
            1,
            "7b"
         ],
         true
      ],
      [
         "TO",
         [
            1,
            "62"
         ],
         true
      ],
      [
         "TO",
         [
            1,
            "15"
         ],
         true
      ],
      [
         "TO",
         [
            1,
            "83"
         ],
         true
      ],
      [
         "TO",
         [
            1,
            "7b"
         ],
         true
      ],
      [
         "TO",
         [
            1,
            "7f"
         ],
         true
      ],
      [
         "TO",
         [
            1,
            "54"
         ],
         true
      ],
      [
         "TO",
         [
            1,
            "db"
         ],
         true
      ],
      [
         "RO",
         [
            11,
            "8a097061796c6f61642d37"
         ]
      ],
      [
         "RF",
         [
            9,
            "payload-7"
         ],
         10,
         true,
         0,
         false,
         null
      ],
      [
         "TO",
         [
            1,
            "89"
         ],
         true
      ],
      [
         "TO",
         [
            1,
            "89"
         ],
         true
      ],
      [
         "TO",
         [
            1,
            "a9"
         ],
         true
      ],
      [
         "TO",
         [
            1,
            "d7"
         ],
         true
      ],
      [
         "TO",
         [
            1,
            "82"
         ],
         true
      ],
      [
         "TO",
         [
            1,
            "71"
         ],
         true
      ],
      [
         "TO",
         [
            1,
            "d9"
         ],
         true
      ],
      [
         "TO",
         [
            1,
            "b6"
         ],
         true
      ],
      [
         "TO",
         [
            1,
            "fb"
         ],
         true
      ],
      [
         "TO",
         [
            1,
            "1d"
         ],
         true
      ],
      [
         "TO",
         [
            1,
            "c6"
         ],
         true
      ],
      [
         "TO",
         [
            1,
            "b6"
         ],
         true
      ],
      [
         "TO",
         [
            1,
            "e6"
         ],
         true
      ],
      [
         "TO",
         [
            1,
            "5c"
         ],
         true
      ],
      [
         "TO",
         [
            1,
            "91"
         ],
         true
      ],
      [
         "RO",
         [
            11,
            "8a097061796c6f61642d38"
         ]
      ],
      [
         "RF",
         [
            9,
            "payload-8"
         ],
         10,
         true,
         0,
         false,
         null
      ],
      [
         "TO",
         [
            1,
            "89"
         ],
         true
      ],
      [
         "TO",
         [
            1,
            "89"
         ],
         true
      ],
      [
         "TO",
         [
            1,
            "09"
         ],
         true
      ],
      [
         "TO",
         [
            1,
            "ff"
         ],
         true
      ],
      [
         "TO",
         [
            1,
            "0a"
         ],
         true
      ],
      [
         "TO",
         [
            1,
            "86"
         ],
         true
      ],
      [
         "TO",
         [
            1,
            "79"
         ],
         true
      ],
      [
         "TO",
         [
            1,
            "9e"
         ],
         true
      ],
      [
         "TO",
         [
            1,
            "73"
         ],
         true
      ],
      [
         "TO",
         [
            1,
            "ea"
         ],
         true
      ],
      [
         "TO",
         [
            1,
            "66"
         ],
         true
      ],
      [
         "TO",
         [
            1,
            "9e"
         ],
         true
      ],
      [
         "TO",
         [
            1,
            "6e"
         ],
         true
      ],
      [
         "TO",
         [
            1,
            "ab"
         ],
         true
      ],
      [
         "TO",
         [
            1,
            "30"
         ],
         true
      ],
      [
         "RO",
         [
            11,
            "8a097061796c6f61642d39"
         ]
      ],
      [
         "RF",
         [
            9,
            "payload-9"
         ],
         10,
         true,
         0,
         false,
         null
      ],
      [
         "TF",
         [
            2,
            "0x03e8"
         ],
         8,
         true,
         0,
         "a702e26f",
         null,
         null,
         false
      ],
      [
         "TO",
         [
            8,
            "8882a702e26fa4ea"
         ],
         false
      ],
      [
         "RO",
         [
            4,
            "880203e8"
         ]
      ],
      [
         "RF",
         [
            2,
            "0x03e8"
         ],
         8,
         true,
         0,
         false,
         null
      ]
   ]
}