{
   "agent": "TesteeServer",
   "behavior": "OK",
   "behaviorClose": "OK",
   "case": 8,
   "closedByMe": true,
   "createStats": true,
   "createWirelog": true,
   "description": "Send text message message with payload of length 65536. Sent out data in chops of 997 octets.",
   "droppedByMe": false,
   "duration": 331,
   "expectation": "Receive echo'ed text message (with payload as sent). Clean close with normal code.",
   "expected": {
      "OK": [
         [
            "message",
            "**************************************************************** ...",
            false
         ]
      ]
   },
   "expectedClose": {
      "closeCode": [
         1000
      ],
      "closedByMe": true,
      "requireClean": true
   },
   "failedByMe": false,
   "httpRequest": "GET / HTTP/1.1\r\nUser-Agent: AutobahnTestSuite/0.7.6-0.10.9\r\nHost: technikempire.com:80\r\nUpgrade: WebSocket\r\nConnection: Upgrade\r\nPragma: no-cache\r\nCache-Control: no-cache\r\nSec-WebSocket-Key: kOsudHulXtVPdmbJPv6SUg==\r\nSec-WebSocket-Version: 13\r\n\r\n",
   "httpResponse": "HTTP/1.1 101 Switching Protocols\r\nConnection: Upgrade\r\nDate: Wed, 18 Apr 2018 00:51:45 GMT\r\nServer: Kestrel\r\nUpgrade: websocket\r\nSec-WebSocket-Accept: ShSR2/XrcRhtAA6tdyWoEKGdXAM=\r\n\r\n",
   "id": "1.1.8",
   "isServer": false,
   "localCloseCode": 1000,
   "localCloseReason": null,
   "received": [
      [
         "message",
         "**************************************************************** ...",
         false
      ]
   ],
   "remoteCloseCode": 1000,
   "remoteCloseReason": null,
   "reportCompressionRatio": false,
   "reportTime": false,
   "result": "Actual events match at least one expected.",
   "resultClose": "Connection was properly closed",
   "rxFrameStats": {
      "0": 16,
      "1": 1,
      "8": 1
   },
   "rxOctetStats": {
      "4": 1,
      "183": 1,
      "15922": 1,
      "16400": 1,
      "33282": 1
   },
   "started": "2018-04-18T00:51:46.091Z",
   "trafficStats": null,
   "txFrameStats": {
      "1": 1,
      "8": 1
   },
   "txOctetStats": {
      "8": 1,
      "246": 1,
      "745": 1,
      "997": 65
   },
   "wasClean": true,
   "wasCloseHandshakeTimeout": false,
   "wasNotCleanReason": null,
   "wasOpenHandshakeTimeout": false,
   "wasServerConnectionDropTimeout": false,
   "wirelog": [
      [
         "TO",
         [
            246,
            "474554202f20485454502f312e310d0a557365722d4167656e743a204175746f6261686e5465737453756974652f302e372e362d302e31302e390d0a486f7374 ..."
         ],
         false
      ],
      [
         "RO",
         [
            183,
            "485454502f312e312031303120537769746368696e672050726f746f636f6c730d0a436f6e6e656374696f6e3a20557067726164650d0a446174653a20576564 ..."
         ]
      ],
      [
         "TF",
         [
            65536,
            "**************************************************************** ..."
         ],
         1,
         true,
         0,
         "b7acfbe0",
         null,
         997,
         false
      ],
      [
         "TO",
         [
            997,
            "81ff0000000000010000b7acfbe09d86d1ca9d86d1ca9d86d1ca9d86d1ca9d86d1ca9d86d1ca9d86d1ca9d86d1ca9d86d1ca9d86d1ca9d86d1ca9d86d1ca9d86 ..."
         ],
         true
      ],
      [
         "KL",
         10
      ],
      [
         "TO",
         [
            997,
            "ca9d86d1ca9d86d1ca9d86d1ca9d86d1ca9d86d1ca9d86d1ca9d86d1ca9d86d1ca9d86d1ca9d86d1ca9d86d1ca9d86d1ca9d86d1ca9d86d1ca9d86d1ca9d86d1 ..."
         ],
         true
      ],
      [
         "TO",
         [
            997,
            "9d86d1ca9d86d1ca9d86d1ca9d86d1ca9d86d1ca9d86d1ca9d86d1ca9d86d1ca9d86d1ca9d86d1ca9d86d1ca9d86d1ca9d86d1ca9d86d1ca9d86d1ca9d86d1ca ..."
         ],
         true
      ],
      [
         "TO",
         [
            997,
            "86d1ca9d86d1ca9d86d1ca9d86d1ca9d86d1ca9d86d1ca9d86d1ca9d86d1ca9d86d1ca9d86d1ca9d86d1ca9d86d1ca9d86d1ca9d86d1ca9d86d1ca9d86d1ca9d ..."
         ],
         true
      ],
      [
         "TO",
         [
            997,
            "d1ca9d86d1ca9d86d1ca9d86d1ca9d86d1ca9d86d1ca9d86d1ca9d86d1ca9d86d1ca9d86d1ca9d86d1ca9d86d1ca9d86d1ca9d86d1ca9d86d1ca9d86d1ca9d86 ..."
         ],
         true
      ],
      [
         "TO",
         [
            997,
            "ca9d86d1ca9d86d1ca9d86d1ca9d86d1ca9d86d1ca9d86d1ca9d86d1ca9d86d1ca9d86d1ca9d86d1ca9d86d1ca9d86d1ca9d86d1ca9d86d1ca9d86d1ca9d86d1 ..."
         ],
         true
      ],
      [
         "TO",
         [
            997,
            "9d86d1ca9d86d1ca9d86d1ca9d86d1ca9d86d1ca9d86d1ca9d86d1ca9d86d1ca9d86d1ca9d86d1ca9d86d1ca9d86d1ca9d86d1ca9d86d1ca9d86d1ca9d86d1ca ..."
         ],
         true
      ],
      [
         "TO",
         [
            997,
            "86d1ca9d86d1ca9d86d1ca9d86d1ca9d86d1ca9d86d1ca9d86d1ca9d86d1ca9d86d1ca9d86d1ca9d86d1ca9d86d1ca9d86d1ca9d86d1ca9d86d1ca9d86d1ca9d ..."
         ],
         true
      ],
      [
         "TO",
         [
            997,
            "d1ca9d86d1ca9d86d1ca9d86d1ca9d86d1ca9d86d1ca9d86d1ca9d86d1ca9d86d1ca9d86d1ca9d86d1ca9d86d1ca9d86d1ca9d86d1ca9d86d1ca9d86d1ca9d86 ..."
         ],
         true
      ],
      [
         "TO",
         [
            997,
            "ca9d86d1ca9d86d1ca9d86d1ca9d86d1ca9d86d1ca9d86d1ca9d86d1ca9d86d1ca9d86d1ca9d86d1ca9d86d1ca9d86d1ca9d86d1ca9d86d1ca9d86d1ca9d86d1 ..."
         ],
         true
      ],
      [
         "TO",
         [
            997,
            "9d86d1ca9d86d1ca9d86d1ca9d86d1ca9d86d1ca9d86d1ca9d86d1ca9d86d1ca9d86d1ca9d86d1ca9d86d1ca9d86d1ca9d86d1ca9d86d1ca9d86d1ca9d86d1ca ..."
         ],
         true
      ],
      [
         "TO",
         [
            997,
            "86d1ca9d86d1ca9d86d1ca9d86d1ca9d86d1ca9d86d1ca9d86d1ca9d86d1ca9d86d1ca9d86d1ca9d86d1ca9d86d1ca9d86d1ca9d86d1ca9d86d1ca9d86d1ca9d ..."
         ],
         true
      ],
      [
         "TO",
         [
            997,
            "d1ca9d86d1ca9d86d1ca9d86d1ca9d86d1ca9d86d1ca9d86d1ca9d86d1ca9d86d1ca9d86d1ca9d86d1ca9d86d1ca9d86d1ca9d86d1ca9d86d1ca9d86d1ca9d86 ..."
         ],
         true
      ],
      [
         "TO",
         [
            997,
            "ca9d86d1ca9d86d1ca9d86d1ca9d86d1ca9d86d1ca9d86d1ca9d86d1ca9d86d1ca9d86d1ca9d86d1ca9d86d1ca9d86d1ca9d86d1ca9d86d1ca9d86d1ca9d86d1 ..."
         ],
         true
      ],
      [
         "TO",
         [
            997,
            "9d86d1ca9d86d1ca9d86d1ca9d86d1ca9d86d1ca9d86d1ca9d86d1ca9d86d1ca9d86d1ca9d86d1ca9d86d1ca9d86d1ca9d86d1ca9d86d1ca9d86d1ca9d86d1ca ..."
         ],
         true
      ],
      [
         "TO",
         [
            997,
            "86d1ca9d86d1ca9d86d1ca9d86d1ca9d86d1ca9d86d1ca9d86d1ca9d86d1ca9d86d1ca9d86d1ca9d86d1ca9d86d1ca9d86d1ca9d86d1ca9d86d1ca9d86d1ca9d ..."
         ],
         true
      ],
      [
         "TO",
         [
            997,
            "d1ca9d86d1ca9d86d1ca9d86d1ca9d86d1ca9d86d1ca9d86d1ca9d86d1ca9d86d1ca9d86d1ca9d86d1ca9d86d1ca9d86d1ca9d86d1ca9d86d1ca9d86d1ca9d86 ..."
         ],
         true
      ],
      [
         "TO",
         [
            997,
            "ca9d86d1ca9d86d1ca9d86d1ca9d86d1ca9d86d1ca9d86d1ca9d86d1ca9d86d1ca9d86d1ca9d86d1ca9d86d1ca9d86d1ca9d86d1ca9d86d1ca9d86d1ca9d86d1 ..."
         ],
         true
      ],
      [
         "TO",
         [
            997,
            "9d86d1ca9d86d1ca9d86d1ca9d86d1ca9d86d1ca9d86d1ca9d86d1ca9d86d1ca9d86d1ca9d86d1ca9d86d1ca9d86d1ca9d86d1ca9d86d1ca9d86d1ca9d86d1ca ..."
         ],
         true
      ],
      [
         "TO",
         [
            997,
            "86d1ca9d86d1ca9d86d1ca9d86d1ca9d86d1ca9d86d1ca9d86d1ca9d86d1ca9d86d1ca9d86d1ca9d86d1ca9d86d1ca9d86d1ca9d86d1ca9d86d1ca9d86d1ca9d ..."
         ],
         true
      ],
      [
         "TO",
         [
            997,
            "d1ca9d86d1ca9d86d1ca9d86d1ca9d86d1ca9d86d1ca9d86d1ca9d86d1ca9d86d1ca9d86d1ca9d86d1ca9d86d1ca9d86d1ca9d86d1ca9d86d1ca9d86d1ca9d86 ..."
         ],
         true
      ],
      [
         "TO",
         [
            997,
            "ca9d86d1ca9d86d1ca9d86d1ca9d86d1ca9d86d1ca9d86d1ca9d86d1ca9d86d1ca9d86d1ca9d86d1ca9d86d1ca9d86d1ca9d86d1ca9d86d1ca9d86d1ca9d86d1 ..."
         ],
         true
      ],
      [
         "TO",
         [
            997,
            "9d86d1ca9d86d1ca9d86d1ca9d86d1ca9d86d1ca9d86d1ca9d86d1ca9d86d1ca9d86d1ca9d86d1ca9d86d1ca9d86d1ca9d86d1ca9d86d1ca9d86d1ca9d86d1ca ..."
         ],
         true
      ],
      [
         "TO",
         [
            997,
            "86d1ca9d86d1ca9d86d1ca9d86d1ca9d86d1ca9d86d1ca9d86d1ca9d86d1ca9d86d1ca9d86d1ca9d86d1ca9d86d1ca9d86d1ca9d86d1ca9d86d1ca9d86d1ca9d ..."
         ],
         true
      ],
      [
         "TO",
         [
            997,
            "d1ca9d86d1ca9d86d1ca9d86d1ca9d86d1ca9d86d1ca9d86d1ca9d86d1ca9d86d1ca9d86d1ca9d86d1ca9d86d1ca9d86d1ca9d86d1ca9d86d1ca9d86d1ca9d86 ..."
         ],
         true
      ],
      [
         "TO",
         [
            997,
            "ca9d86d1ca9d86d1ca9d86d1ca9d86d1ca9d86d1ca9d86d1ca9d86d1ca9d86d1ca9d86d1ca9d86d1ca9d86d1ca9d86d1ca9d86d1ca9d86d1ca9d86d1ca9d86d1 ..."
         ],
         true
      ],
      [
         "TO",
         [
            997,
            "9d86d1ca9d86d1ca9d86d1ca9d86d1ca9d86d1ca9d86d1ca9d86d1ca9d86d1ca9d86d1ca9d86d1ca9d86d1ca9d86d1ca9d86d1ca9d86d1ca9d86d1ca9d86d1ca ..."
         ],
         true
      ],
      [
         "TO",
         [
            997,
            "86d1ca9d86d1ca9d86d1ca9d86d1ca9d86d1ca9d86d1ca9d86d1ca9d86d1ca9d86d1ca9d86d1ca9d86d1ca9d86d1ca9d86d1ca9d86d1ca9d86d1ca9d86d1ca9d ..."
         ],
         true
      ],
      [
         "TO",
         [
            997,
            "d1ca9d86d1ca9d86d1ca9d86d1ca9d86d1ca9d86d1ca9d86d1ca9d86d1ca9d86d1ca9d86d1ca9d86d1ca9d86d1ca9d86d1ca9d86d1ca9d86d1ca9d86d1ca9d86 ..."
         ],
         true
      ],
      [
         "TO",
         [
            997,
            "ca9d86d1ca9d86d1ca9d86d1ca9d86d1ca9d86d1ca9d86d1ca9d86d1ca9d86d1ca9d86d1ca9d86d1ca9d86d1ca9d86d1ca9d86d1ca9d86d1ca9d86d1ca9d86d1 ..."
         ],
         true
      ],
      [
         "TO",
         [
            997,
            "9d86d1ca9d86d1ca9d86d1ca9d86d1ca9d86d1ca9d86d1ca9d86d1ca9d86d1ca9d86d1ca9d86d1ca9d86d1ca9d86d1ca9d86d1ca9d86d1ca9d86d1ca9d86d1ca ..."
         ],
         true
      ],
      [
         "TO",
         [
            997,
            "86d1ca9d86d1ca9d86d1ca9d86d1ca9d86d1ca9d86d1ca9d86d1ca9d86d1ca9d86d1ca9d86d1ca9d86d1ca9d86d1ca9d86d1ca9d86d1ca9d86d1ca9d86d1ca9d ..."
         ],
         true
      ],
      [
         "TO",
         [
            997,
            "d1ca9d86d1ca9d86d1ca9d86d1ca9d86d1ca9d86d1ca9d86d1ca9d86d1ca9d86d1ca9d86d1ca9d86d1ca9d86d1ca9d86d1ca9d86d1ca9d86d1ca9d86d1ca9d86 ..."
         ],
         true
      ],
      [
         "TO",
         [
            997,
            "ca9d86d1ca9d86d1ca9d86d1ca9d86d1ca9d86d1ca9d86d1ca9d86d1ca9d86d1ca9d86d1ca9d86d1ca9d86d1ca9d86d1ca9d86d1ca9d86d1ca9d86d1ca9d86d1 ..."
         ],
         true
      ],
      [
         "TO",
         [
            997,
            "9d86d1ca9d86d1ca9d86d1ca9d86d1ca9d86d1ca9d86d1ca9d86d1ca9d86d1ca9d86d1ca9d86d1ca9d86d1ca9d86d1ca9d86d1ca9d86d1ca9d86d1ca9d86d1ca ..."
         ],
         true
      ],
      [
         "TO",
         [
            997,
            "86d1ca9d86d1ca9d86d1ca9d86d1ca9d86d1ca9d86d1ca9d86d1ca9d86d1ca9d86d1ca9d86d1ca9d86d1ca9d86d1ca9d86d1ca9d86d1ca9d86d1ca9d86d1ca9d ..."
         ],
         true
      ],
      [
         "TO",
         [
            997,
            "d1ca9d86d1ca9d86d1ca9d86d1ca9d86d1ca9d86d1ca9d86d1ca9d86d1ca9d86d1ca9d86d1ca9d86d1ca9d86d1ca9d86d1ca9d86d1ca9d86d1ca9d86d1ca9d86 ..."
         ],
         true
      ],
      [
         "TO",
         [
            997,
            "ca9d86d1ca9d86d1ca9d86d1ca9d86d1ca9d86d1ca9d86d1ca9d86d1ca9d86d1ca9d86d1ca9d86d1ca9d86d1ca9d86d1ca9d86d1ca9d86d1ca9d86d1ca9d86d1 ..."
         ],
         true
      ],
      [
         "TO",
         [
            997,
            "9d86d1ca9d86d1ca9d86d1ca9d86d1ca9d86d1ca9d86d1ca9d86d1ca9d86d1ca9d86d1ca9d86d1ca9d86d1ca9d86d1ca9d86d1ca9d86d1ca9d86d1ca9d86d1ca ..."
         ],
         true
      ],
      [
         "TO",
         [
            997,
            "86d1ca9d86d1ca9d86d1ca9d86d1ca9d86d1ca9d86d1ca9d86d1ca9d86d1ca9d86d1ca9d86d1ca9d86d1ca9d86d1ca9d86d1ca9d86d1ca9d86d1ca9d86d1ca9d ..."
         ],
         true
      ],
      [
         "TO",
         [
            997,
            "d1ca9d86d1ca9d86d1ca9d86d1ca9d86d1ca9d86d1ca9d86d1ca9d86d1ca9d86d1ca9d86d1ca9d86d1ca9d86d1ca9d86d1ca9d86d1ca9d86d1ca9d86d1ca9d86 ..."
         ],
         true
      ],
      [
         "TO",
         [
            997,
            "ca9d86d1ca9d86d1ca9d86d1ca9d86d1ca9d86d1ca9d86d1ca9d86d1ca9d86d1ca9d86d1ca9d86d1ca9d86d1ca9d86d1ca9d86d1ca9d86d1ca9d86d1ca9d86d1 ..."
         ],
         true
      ],
      [
         "TO",
         [
            997,
            "9d86d1ca9d86d1ca9d86d1ca9d86d1ca9d86d1ca9d86d1ca9d86d1ca9d86d1ca9d86d1ca9d86d1ca9d86d1ca9d86d1ca9d86d1ca9d86d1ca9d86d1ca9d86d1ca ..."
         ],
         true
      ],
      [
         "TO",
         [
            997,
            "86d1ca9d86d1ca9d86d1ca9d86d1ca9d86d1ca9d86d1ca9d86d1ca9d86d1ca9d86d1ca9d86d1ca9d86d1ca9d86d1ca9d86d1ca9d86d1ca9d86d1ca9d86d1ca9d ..."
         ],
         true
      ],
      [
         "TO",
         [
            997,
            "d1ca9d86d1ca9d86d1ca9d86d1ca9d86d1ca9d86d1ca9d86d1ca9d86d1ca9d86d1ca9d86d1ca9d86d1ca9d86d1ca9d86d1ca9d86d1ca9d86d1ca9d86d1ca9d86 ..."
         ],
         true
      ],
      [
         "TO",
         [
            997,
            "ca9d86d1ca9d86d1ca9d86d1ca9d86d1ca9d86d1ca9d86d1ca9d86d1ca9d86d1ca9d86d1ca9d86d1ca9d86d1ca9d86d1ca9d86d1ca9d86d1ca9d86d1ca9d86d1 ..."
         ],
         true
      ],
      [
         "TO",
         [
            997,
            "9d86d1ca9d86d1ca9d86d1ca9d86d1ca9d86d1ca9d86d1ca9d86d1ca9d86d1ca9d86d1ca9d86d1ca9d86d1ca9d86d1ca9d86d1ca9d86d1ca9d86d1ca9d86d1ca ..."
         ],
         true
      ],
      [
         "TO",
         [
            997,
            "86d1ca9d86d1ca9d86d1ca9d86d1ca9d86d1ca9d86d1ca9d86d1ca9d86d1ca9d86d1ca9d86d1ca9d86d1ca9d86d1ca9d86d1ca9d86d1ca9d86d1ca9d86d1ca9d ..."
         ],
         true
      ],
      [
         "TO",
         [
            997,
            "d1ca9d86d1ca9d86d1ca9d86d1ca9d86d1ca9d86d1ca9d86d1ca9d86d1ca9d86d1ca9d86d1ca9d86d1ca9d86d1ca9d86d1ca9d86d1ca9d86d1ca9d86d1ca9d86 ..."
         ],
         true
      ],
      [
         "TO",
         [
            997,
            "ca9d86d1ca9d86d1ca9d86d1ca9d86d1ca9d86d1ca9d86d1ca9d86d1ca9d86d1ca9d86d1ca9d86d1ca9d86d1ca9d86d1ca9d86d1ca9d86d1ca9d86d1ca9d86d1 ..."
         ],
         true
      ],
      [
         "TO",
         [
            997,
            "9d86d1ca9d86d1ca9d86d1ca9d86d1ca9d86d1ca9d86d1ca9d86d1ca9d86d1ca9d86d1ca9d86d1ca9d86d1ca9d86d1ca9d86d1ca9d86d1ca9d86d1ca9d86d1ca ..."
         ],
         true
      ],
      [
         "TO",
         [
            997,
            "86d1ca9d86d1ca9d86d1ca9d86d1ca9d86d1ca9d86d1ca9d86d1ca9d86d1ca9d86d1ca9d86d1ca9d86d1ca9d86d1ca9d86d1ca9d86d1ca9d86d1ca9d86d1ca9d ..."
         ],
         true
      ],
      [
         "TO",
         [
            997,
            "d1ca9d86d1ca9d86d1ca9d86d1ca9d86d1ca9d86d1ca9d86d1ca9d86d1ca9d86d1ca9d86d1ca9d86d1ca9d86d1ca9d86d1ca9d86d1ca9d86d1ca9d86d1ca9d86 ..."
         ],
         true
      ],
      [
         "TO",
         [
            997,
            "ca9d86d1ca9d86d1ca9d86d1ca9d86d1ca9d86d1ca9d86d1ca9d86d1ca9d86d1ca9d86d1ca9d86d1ca9d86d1ca9d86d1ca9d86d1ca9d86d1ca9d86d1ca9d86d1 ..."
         ],
         true
      ],
      [
         "TO",
         [
            997,
            "9d86d1ca9d86d1ca9d86d1ca9d86d1ca9d86d1ca9d86d1ca9d86d1ca9d86d1ca9d86d1ca9d86d1ca9d86d1ca9d86d1ca9d86d1ca9d86d1ca9d86d1ca9d86d1ca ..."
         ],
         true
      ],
      [
         "TO",
         [
            997,
            "86d1ca9d86d1ca9d86d1ca9d86d1ca9d86d1ca9d86d1ca9d86d1ca9d86d1ca9d86d1ca9d86d1ca9d86d1ca9d86d1ca9d86d1ca9d86d1ca9d86d1ca9d86d1ca9d ..."
         ],
         true
      ],
      [
         "TO",
         [
            997,
            "d1ca9d86d1ca9d86d1ca9d86d1ca9d86d1ca9d86d1ca9d86d1ca9d86d1ca9d86d1ca9d86d1ca9d86d1ca9d86d1ca9d86d1ca9d86d1ca9d86d1ca9d86d1ca9d86 ..."
         ],
         true
      ],
      [
         "TO",
         [
            997,
            "ca9d86d1ca9d86d1ca9d86d1ca9d86d1ca9d86d1ca9d86d1ca9d86d1ca9d86d1ca9d86d1ca9d86d1ca9d86d1ca9d86d1ca9d86d1ca9d86d1ca9d86d1ca9d86d1 ..."
         ],
         true
      ],
      [
         "TO",
         [
            997,
            "9d86d1ca9d86d1ca9d86d1ca9d86d1ca9d86d1ca9d86d1ca9d86d1ca9d86d1ca9d86d1ca9d86d1ca9d86d1ca9d86d1ca9d86d1ca9d86d1ca9d86d1ca9d86d1ca ..."
         ],
         true
      ],
      [
         "TO",
         [
            997,
            "86d1ca9d86d1ca9d86d1ca9d86d1ca9d86d1ca9d86d1ca9d86d1ca9d86d1ca9d86d1ca9d86d1ca9d86d1ca9d86d1ca9d86d1ca9d86d1ca9d86d1ca9d86d1ca9d ..."
         ],
         true
      ],
      [
         "TO",
         [
            997,
            "d1ca9d86d1ca9d86d1ca9d86d1ca9d86d1ca9d86d1ca9d86d1ca9d86d1ca9d86d1ca9d86d1ca9d86d1ca9d86d1ca9d86d1ca9d86d1ca9d86d1ca9d86d1ca9d86 ..."
         ],
         true
      ],
      [
         "TO",
         [
            997,
            "ca9d86d1ca9d86d1ca9d86d1ca9d86d1ca9d86d1ca9d86d1ca9d86d1ca9d86d1ca9d86d1ca9d86d1ca9d86d1ca9d86d1ca9d86d1ca9d86d1ca9d86d1ca9d86d1 ..."
         ],
         true
      ],
      [
         "TO",
         [
            997,
            "9d86d1ca9d86d1ca9d86d1ca9d86d1ca9d86d1ca9d86d1ca9d86d1ca9d86d1ca9d86d1ca9d86d1ca9d86d1ca9d86d1ca9d86d1ca9d86d1ca9d86d1ca9d86d1ca ..."
         ],
         true
      ],
      [
         "TO",
         [
            997,
            "86d1ca9d86d1ca9d86d1ca9d86d1ca9d86d1ca9d86d1ca9d86d1ca9d86d1ca9d86d1ca9d86d1ca9d86d1ca9d86d1ca9d86d1ca9d86d1ca9d86d1ca9d86d1ca9d ..."
         ],
         true
      ],
      [
         "TO",
         [
            997,
            "d1ca9d86d1ca9d86d1ca9d86d1ca9d86d1ca9d86d1ca9d86d1ca9d86d1ca9d86d1ca9d86d1ca9d86d1ca9d86d1ca9d86d1ca9d86d1ca9d86d1ca9d86d1ca9d86 ..."
         ],
         true
      ],
      [
         "TO",
         [
            745,
            "ca9d86d1ca9d86d1ca9d86d1ca9d86d1ca9d86d1ca9d86d1ca9d86d1ca9d86d1ca9d86d1ca9d86d1ca9d86d1ca9d86d1ca9d86d1ca9d86d1ca9d86d1ca9d86d1 ..."
         ],
         true
      ],
      [
         "RO",
         [
            16400,
            "017e10002a2a2a2a2a2a2a2a2a2a2a2a2a2a2a2a2a2a2a2a2a2a2a2a2a2a2a2a2a2a2a2a2a2a2a2a2a2a2a2a2a2a2a2a2a2a2a2a2a2a2a2a2a2a2a2a2a2a2a2a ..."
         ]
      ],
      [
         "RF",
         [
            4096,
            "**************************************************************** ..."
         ],
         1,
         false,
         0,
         false,
         null
      ],
      [
         "RF",
         [
            4096,
            "**************************************************************** ..."
         ],
         0,
         false,
         0,
         false,
         null
      ],
      [
         "RF",
         [
            4096,
            "**************************************************************** ..."
         ],
         0,
         false,
         0,
         false,
         null
      ],
      [
         "RF",
         [
            4096,
            "**************************************************************** ..."
         ],
         0,
         false,
         0,
         false,
         null
      ],
      [
         "RO",
         [
            33282,
            "007e10002a2a2a2a2a2a2a2a2a2a2a2a2a2a2a2a2a2a2a2a2a2a2a2a2a2a2a2a2a2a2a2a2a2a2a2a2a2a2a2a2a2a2a2a2a2a2a2a2a2a2a2a2a2a2a2a2a2a2a2a ..."
         ]
      ],
      [
         "RF",
         [
            4096,
            "**************************************************************** ..."
         ],
         0,
         false,
         0,
         false,
         null
      ],
      [
         "RF",
         [
            4096,
            "**************************************************************** ..."
         ],
         0,
         false,
         0,
         false,
         null
      ],
      [
         "RF",
         [
            4096,
            "**************************************************************** ..."
         ],
         0,
         false,
         0,
         false,
         null
      ],
      [
         "RF",
         [
            4096,
            "**************************************************************** ..."
         ],
         0,
         false,
         0,
         false,
         null
      ],
      [
         "RF",
         [
            4096,
            "**************************************************************** ..."
         ],
         0,
         false,
         0,
         false,
         null
      ],
      [
         "RF",
         [
            4096,
            "**************************************************************** ..."
         ],
         0,
         false,
         0,
         false,
         null
      ],
      [
         "RF",
         [
            4096,
            "**************************************************************** ..."
         ],
         0,
         false,
         0,
         false,
         null
      ],
      [
         "RF",
         [
            1654,
            "**************************************************************** ..."
         ],
         0,
         false,
         0,
         false,
         null
      ],
      [
         "RF",
         [
            2920,
            "**************************************************************** ..."
         ],
         0,
         false,
         0,
         false,
         null
      ],
      [
         "RO",
         [
            15922,
            "007e10002a2a2a2a2a2a2a2a2a2a2a2a2a2a2a2a2a2a2a2a2a2a2a2a2a2a2a2a2a2a2a2a2a2a2a2a2a2a2a2a2a2a2a2a2a2a2a2a2a2a2a2a2a2a2a2a2a2a2a2a ..."
         ]
      ],
      [
         "RF",
         [
            4096,
            "**************************************************************** ..."
         ],
         0,
         false,
         0,
         false,
         null
      ],
      [
         "RF",
         [
            4096,
            "**************************************************************** ..."
         ],
         0,
         false,
         0,
         false,
         null
      ],
      [
         "RF",
         [
            4096,
            "**************************************************************** ..."
         ],
         0,
         false,
         0,
         false,
         null
      ],
      [
         "RF",
         [
            3618,
            "**************************************************************** ..."
         ],
         0,
         true,
         0,
         false,
         null
      ],
      [
         "TF",
         [
            2,
            "0x03e8"
         ],
         8,
         true,
         0,
         "a82712d2",
         null,
         null,
         false
      ],
      [
         "TO",
         [
            8,
            "8882a82712d2abcf"
         ],
         false
      ],
      [
         "RO",
         [
            4,
            "880203e8"
         ]
      ],
      [
         "RF",
         [
            2,
            "0x03e8"
         ],
         8,
         true,
         0,
         false,
         null
      ]
   ]
}