{
   "agent": "TesteeServer",
   "behavior": "OK",
   "behaviorClose": "OK",
   "case": 13,
   "closedByMe": true,
   "createStats": true,
   "createWirelog": true,
   "description": "Send binary message message with payload of length 128.",
   "droppedByMe": false,
   "duration": 76,
   "expectation": "Receive echo'ed binary message (with payload as sent). Clean close with normal code.",
   "expected": {
      "OK": [
         [
            "message",
            "0xfefefefefefefefefefefefefefefefefefefefefefefefefefefefefefefefefefefefefefefefefefefefefefefefefefefefefefefefefefefefefefefefe ...",
            true
         ]
      ]
   },
   "expectedClose": {
      "closeCode": [
         1000
      ],
      "closedByMe": true,
      "requireClean": true
   },
   "failedByMe": false,
   "httpRequest": "GET / HTTP/1.1\r\nUser-Agent: AutobahnTestSuite/0.7.6-0.10.9\r\nHost: technikempire.com:80\r\nUpgrade: WebSocket\r\nConnection: Upgrade\r\nPragma: no-cache\r\nCache-Control: no-cache\r\nSec-WebSocket-Key: cnFWWy4NtETy2I48P9cAsQ==\r\nSec-WebSocket-Version: 13\r\n\r\n",
   "httpResponse": "HTTP/1.1 101 Switching Protocols\r\nConnection: Upgrade\r\nDate: Wed, 18 Apr 2018 00:51:47 GMT\r\nServer: Kestrel\r\nUpgrade: websocket\r\nSec-WebSocket-Accept: ceeT+Ig2U9UJo++0AAlX3Xo2l94=\r\n\r\n",
   "id": "1.2.5",
   "isServer": false,
   "localCloseCode": 1000,
   "localCloseReason": null,
   "received": [
      [
         "message",
         "0xfefefefefefefefefefefefefefefefefefefefefefefefefefefefefefefefefefefefefefefefefefefefefefefefefefefefefefefefefefefefefefefefe ...",
         true
      ]
   ],
   "remoteCloseCode": 1000,
   "remoteCloseReason": null,
   "reportCompressionRatio": false,
   "reportTime": false,
   "result": "Actual events match at least one expected.",
   "resultClose": "Connection was properly closed",
   "rxFrameStats": {
      "2": 1,
      "8": 1
   },
   "rxOctetStats": {
      "4": 1,
      "132": 1,
      "183": 1
   },
   "started": "2018-04-18T00:51:47.334Z",
   "trafficStats": null,
   "txFrameStats": {
      "2": 1,
      "8": 1
   },
   "txOctetStats": {
      "8": 1,
      "136": 1,
      "246": 1
   },
   "wasClean": true,
   "wasCloseHandshakeTimeout": false,
   "wasNotCleanReason": null,
   "wasOpenHandshakeTimeout": false,
   "wasServerConnectionDropTimeout": false,
   "wirelog": [
      [
         "TO",
         [
            246,
            "474554202f20485454502f312e310d0a557365722d4167656e743a204175746f6261686e5465737453756974652f302e372e362d302e31302e390d0a486f7374 ..."
         ],
         false
      ],
      [
         "RO",
         [
            183,
            "485454502f312e312031303120537769746368696e672050726f746f636f6c730d0a436f6e6e656374696f6e3a20557067726164650d0a446174653a20576564 ..."
         ]
      ],
      [
         "TF",
         [
            128,
            "0xfefefefefefefefefefefefefefefefefefefefefefefefefefefefefefefefefefefefefefefefefefefefefefefefefefefefefefefefefefefefefefefefe ..."
         ],
         2,
         true,
         0,
         "5c58fea7",
         null,
         null,
         false
      ],
      [
         "TO",
         [
            136,
            "82fe00805c58fea7a2a60059a2a60059a2a60059a2a60059a2a60059a2a60059a2a60059a2a60059a2a60059a2a60059a2a60059a2a60059a2a60059a2a60059 ..."
         ],
         false
      ],
      [
         "KL",
         1
      ],
      [
         "RO",
         [
            132,
            "827e0080fefefefefefefefefefefefefefefefefefefefefefefefefefefefefefefefefefefefefefefefefefefefefefefefefefefefefefefefefefefefe ..."
         ]
      ],
      [
         "RF",
         [
            128,
            "0xfefefefefefefefefefefefefefefefefefefefefefefefefefefefefefefefefefefefefefefefefefefefefefefefefefefefefefefefefefefefefefefefe ..."
         ],
         2,
         true,
         0,
         false,
         null
      ],
      [
         "TF",
         [
            2,
            "0x03e8"
         ],
         8,
         true,
         0,
         "5314001a",
         null,
         null,
         false
      ],
      [
         "TO",
         [
            8,
            "88825314001a50fc"
         ],
         false
      ],
      [
         "RO",
         [
            4,
            "880203e8"
         ]
      ],
      [
         "RF",
         [
            2,
            "0x03e8"
         ],
         8,
         true,
         0,
         false,
         null
      ]
   ]
}