{
   "agent": "TesteeServer",
   "behavior": "OK",
   "behaviorClose": "OK",
   "case": 22,
   "closedByMe": true,
   "createStats": true,
   "createWirelog": true,
   "description": "Send ping with binary payload of 125 octets, send in octet-wise chops.",
   "droppedByMe": false,
   "duration": 179,
   "expectation": "Pong with payload echo'ed is sent in reply to Ping. Implementations must be TCP clean. Clean close with normal code.",
   "expected": {
      "OK": [
         [
            "pong",
            "0xfefefefefefefefefefefefefefefefefefefefefefefefefefefefefefefefefefefefefefefefefefefefefefefefefefefefefefefefefefefefefefefefe ..."
         ]
      ]
   },
   "expectedClose": {
      "closeCode": [
         1000
      ],
      "closedByMe": true,
      "requireClean": true
   },
   "failedByMe": false,
   "httpRequest": "GET / HTTP/1.1\r\nUser-Agent: AutobahnTestSuite/0.7.6-0.10.9\r\nHost: technikempire.com:80\r\nUpgrade: WebSocket\r\nConnection: Upgrade\r\nPragma: no-cache\r\nCache-Control: no-cache\r\nSec-WebSocket-Key: 1xvFd+zdKQqaxJckH1jrcg==\r\nSec-WebSocket-Version: 13\r\n\r\n",
   "httpResponse": "HTTP/1.1 101 Switching Protocols\r\nConnection: Upgrade\r\nDate: Wed, 18 Apr 2018 00:51:49 GMT\r\nServer: Kestrel\r\nUpgrade: websocket\r\nSec-WebSocket-Accept: zRsSQRDk2/AjDhPuelPqYY0ByD0=\r\n\r\n",
   "id": "2.6",
   "isServer": false,
   "localCloseCode": 1000,
   "localCloseReason": null,
   "received": [
      [
         "pong",
         "0xfefefefefefefefefefefefefefefefefefefefefefefefefefefefefefefefefefefefefefefefefefefefefefefefefefefefefefefefefefefefefefefefe ..."
      ]
   ],
   "remoteCloseCode": 1000,
   "remoteCloseReason": null,
   "reportCompressionRatio": false,
   "reportTime": false,
   "result": "Actual events match at least one expected.",
   "resultClose": "Connection was properly closed",
   "rxFrameStats": {
      "8": 1,
      "10": 1
   },
   "rxOctetStats": {
      "4": 1,
      "127": 1,
      "183": 1
   },
   "started": "2018-04-18T00:51:49.416Z",
   "trafficStats": null,
   "txFrameStats": {
      "8": 1,
      "9": 1
   },
   "txOctetStats": {
      "1": 131,
      "8": 1,
      "246": 1
   },
   "wasClean": true,
   "wasCloseHandshakeTimeout": false,
   "wasNotCleanReason": null,
   "wasOpenHandshakeTimeout": false,
   "wasServerConnectionDropTimeout": false,
   "wirelog": [
      [
         "TO",
         [
            246,
            "474554202f20485454502f312e310d0a557365722d4167656e743a204175746f6261686e5465737453756974652f302e372e362d302e31302e390d0a486f7374 ..."
         ],
         false
      ],
      [
         "RO",
         [
            183,
            "485454502f312e312031303120537769746368696e672050726f746f636f6c730d0a436f6e6e656374696f6e3a20557067726164650d0a446174653a20576564 ..."
         ]
      ],
      [
         "TF",
         [
            125,
            "0xfefefefefefefefefefefefefefefefefefefefefefefefefefefefefefefefefefefefefefefefefefefefefefefefefefefefefefefefefefefefefefefefe ..."
         ],
         9,
         true,
         0,
         "cf356589",
         null,
         1,
         false
      ],
      [
         "TO",
         [
            1,
            "89"
         ],
         true
      ],
      [
         "TI",
         2
      ],
      [
         "TO",
         [
            1,
            "fd"
         ],
         true
      ],
      [
         "TO",
         [
            1,
            "cf"
         ],
         true
      ],
      [
         "TO",
         [
            1,
            "35"
         ],
         true
      ],
      [
         "TO",
         [
            1,
            "65"
         ],
         true
      ],
      [
         "TO",
         [
            1,
            "89"
         ],
         true
      ],
      [
         "TO",
         [
            1,
            "31"
         ],
         true
      ],
      [
         "TO",
         [
            1,
            "cb"
         ],
         true
      ],
      [
         "TO",
         [
            1,
            "9b"
         ],
         true
      ],
      [
         "TO",
         [
            1,
            "77"
         ],
         true
      ],
      [
         "TO",
         [
            1,
            "31"
         ],
         true
      ],
      [
         "TO",
         [
            1,
            "cb"
         ],
         true
      ],
      [
         "TO",
         [
            1,
            "9b"
         ],
         true
      ],
      [
         "TO",
         [
            1,
            "77"
         ],
         true
      ],
      [
         "TO",
         [
            1,
            "31"
         ],
         true
      ],
      [
         "TO",
         [
            1,
            "cb"
         ],
         true
      ],
      [
         "TO",
         [
            1,
            "9b"
         ],
         true
      ],
      [
         "TO",
         [
            1,
            "77"
         ],
         true
      ],
      [
         "TO",
         [
            1,
            "31"
         ],
         true
      ],
      [
         "TO",
         [
            1,
            "cb"
         ],
         true
      ],
      [
         "TO",
         [
            1,
            "9b"
         ],
         true
      ],
      [
         "TO",
         [
            1,
            "77"
         ],
         true
      ],
      [
         "TO",
         [
            1,
            "31"
         ],
         true
      ],
      [
         "TO",
         [
            1,
            "cb"
         ],
         true
      ],
      [
         "TO",
         [
            1,
            "9b"
         ],
         true
      ],
      [
         "TO",
         [
            1,
            "77"
         ],
         true
      ],
      [
         "TO",
         [
            1,
            "31"
         ],
         true
      ],
      [
         "TO",
         [
            1,
            "cb"
         ],
         true
      ],
      [
         "TO",
         [
            1,
            "9b"
         ],
         true
      ],
      [
         "TO",
         [
            1,
            "77"
         ],
         true
      ],
      [
         "TO",
         [
            1,
            "31"
         ],
         true
      ],
      [
         "TO",
         [
            1,
            "cb"
         ],
         true
      ],
      [
         "TO",
         [
            1,
            "9b"
         ],
         true
      ],
      [
         "TO",
         [
            1,
            "77"
         ],
         true
      ],
      [
         "TO",
         [
            1,
            "31"
         ],
         true
      ],
      [
         "TO",
         [
            1,
            "cb"
         ],
         true
      ],
      [
         "TO",
         [
            1,
            "9b"
         ],
         true
      ],
      [
         "TO",
         [
            1,
            "77"
         ],
         true
      ],
      [
         "TO",
         [
            1,
            "31"
         ],
         true
      ],
      [
         "TO",
         [
            1,
            "cb"
         ],
         true
      ],
      [
         "TO",
         [
            1,
            "9b"
         ],
         true
      ],
      [
         "TO",
         [
            1,
            "77"
         ],
         true
      ],
      [
         "TO",
         [
            1,
            "31"
         ],
         true
      ],
      [
         "TO",
         [
            1,
            "cb"
         ],
         true
      ],
      [
         "TO",
         [
            1,
            "9b"
         ],
         true
      ],
      [
         "TO",
         [
            1,
            "77"
         ],
         true
      ],
      [
         "TO",
         [
            1,
            "31"
         ],
         true
      ],
      [
         "TO",
         [
            1,
            "cb"
         ],
         true
      ],
      [
         "TO",
         [
            1,
            "9b"
         ],
         true
      ],
      [
         "TO",
         [
            1,
            "77"
         ],
         true
      ],
      [
         "TO",
         [
            1,
            "31"
         ],
         true
      ],
      [
         "TO",
         [
            1,
            "cb"
         ],
         true
      ],
      [
         "TO",
         [
            1,
            "9b"
         ],
         true
      ],
      [
         "TO",
         [
            1,
            "77"
         ],
         true
      ],
      [
         "TO",
         [
            1,
            "31"
         ],
         true
      ],
      [
         "TO",
         [
            1,
            "cb"
         ],
         true
      ],
      [
         "TO",
         [
            1,
            "9b"
         ],
         true
      ],
      [
         "TO",
         [
            1,
            "77"
         ],
         true
      ],
      [
         "TO",
         [
            1,
            "31"
         ],
         true
      ],
      [
         "TO",
         [
            1,
            "cb"
         ],
         true
      ],
      [
         "TO",
         [
            1,
            "9b"
         ],
         true
      ],
      [
         "TO",
         [
            1,
            "77"
         ],
         true
      ],
      [
         "TO",
         [
            1,
            "31"
         ],
         true
      ],
      [
         "TO",
         [
            1,
            "cb"
         ],
         true
      ],
      [
         "TO",
         [
            1,
            "9b"
         ],
         true
      ],
      [
         "TO",
         [
            1,
            "77"
         ],
         true
      ],
      [
         "TO",
         [
            1,
            "31"
         ],
         true
      ],
      [
         "TO",
         [
            1,
            "cb"
         ],
         true
      ],
      [
         "TO",
         [
            1,
            "9b"
         ],
         true
      ],
      [
         "TO",
         [
            1,
            "77"
         ],
         true
      ],
      [
         "TO",
         [
            1,
            "31"
         ],
         true
      ],
      [
         "TO",
         [
            1,
            "cb"
         ],
         true
      ],
      [
         "TO",
         [
            1,
            "9b"
         ],
         true
      ],
      [
         "TO",
         [
            1,
            "77"
         ],
         true
      ],
      [
         "TO",
         [
            1,
            "31"
         ],
         true
      ],
      [
         "TO",
         [
            1,
            "cb"
         ],
         true
      ],
      [
         "TO",
         [
            1,
            "9b"
         ],
         true
      ],
      [
         "TO",
         [
            1,
            "77"
         ],
         true
      ],
      [
         "TO",
         [
            1,
            "31"
         ],
         true
      ],
      [
         "TO",
         [
            1,
            "cb"
         ],
         true
      ],
      [
         "TO",
         [
            1,
            "9b"
         ],
         true
      ],
      [
         "TO",
         [
            1,
            "77"
         ],
         true
      ],
      [
         "TO",
         [
            1,
            "31"
         ],
         true
      ],
      [
         "TO",
         [
            1,
            "cb"
         ],
         true
      ],
      [
         "TO",
         [
            1,
            "9b"
         ],
         true
      ],
      [
         "TO",
         [
            1,
            "77"
         ],
         true
      ],
      [
         "TO",
         [
            1,
            "31"
         ],
         true
      ],
      [
         "TO",
         [
            1,
            "cb"
         ],
         true
      ],
      [
         "TO",
         [
            1,
            "9b"
         ],
         true
      ],
      [
         "TO",
         [
            1,
            "77"
         ],
         true
      ],
      [
         "TO",
         [
            1,
            "31"
         ],
         true
      ],
      [
         "TO",
         [
            1,
            "cb"
         ],
         true
      ],
      [
         "TO",
         [
            1,
            "9b"
         ],
         true
      ],
      [
         "TO",
         [
            1,
            "77"
         ],
         true
      ],
      [
         "TO",
         [
            1,
            "31"
         ],
         true
      ],
      [
         "TO",
         [
            1,
            "cb"
         ],
         true
      ],
      [
         "TO",
         [
            1,
            "9b"
         ],
         true
      ],
      [
         "TO",
         [
            1,
            "77"
         ],
         true
      ],
      [
         "TO",
         [
            1,
            "31"
         ],
         true
      ],
      [
         "TO",
         [
            1,
            "cb"
         ],
         true
      ],
      [
         "TO",
         [
            1,
            "9b"
         ],
         true
      ],
      [
         "TO",
         [
            1,
            "77"
         ],
         true
      ],
      [
         "TO",
         [
            1,
            "31"
         ],
         true
      ],
      [
         "TO",
         [
            1,
            "cb"
         ],
         true
      ],
      [
         "TO",
         [
            1,
            "9b"
         ],
         true
      ],
      [
         "TO",
         [
            1,
            "77"
         ],
         true
      ],
      [
         "TO",
         [
            1,
            "31"
         ],
         true
      ],
      [
         "TO",
         [
            1,
            "cb"
         ],
         true
      ],
      [
         "TO",
         [
            1,
            "9b"
         ],
         true
      ],
      [
         "TO",
         [
            1,
            "77"
         ],
         true
      ],
      [
         "TO",
         [
            1,
            "31"
         ],
         true
      ],
      [
         "TO",
         [
            1,
            "cb"
         ],
         true
      ],
      [
         "TO",
         [
            1,
            "9b"
         ],
         true
      ],
      [
         "TO",
         [
            1,
            "77"
         ],
         true
      ],
      [
         "TO",
         [
            1,
            "31"
         ],
         true
      ],
      [
         "TO",
         [
            1,
            "cb"
         ],
         true
      ],
      [
         "TO",
         [
            1,
            "9b"
         ],
         true
      ],
      [
         "TO",
         [
            1,
            "77"
         ],
         true
      ],
      [
         "TO",
         [
            1,
            "31"
         ],
         true
      ],
      [
         "TO",
         [
            1,
            "cb"
         ],
         true
      ],
      [
         "TO",
         [
            1,
            "9b"
         ],
         true
      ],
      [
         "TO",
         [
            1,
            "77"
         ],
         true
      ],
      [
         "TO",
         [
            1,
            "31"
         ],
         true
      ],
      [
         "TO",
         [
            1,
            "cb"
         ],
         true
      ],
      [
         "TO",
         [
            1,
            "9b"
         ],
         true
      ],
      [
         "TO",
         [
            1,
            "77"
         ],
         true
      ],
      [
         "TO",
         [
            1,
            "31"
         ],
         true
      ],
      [
         "TO",
         [
            1,
            "cb"
         ],
         true
      ],
      [
         "TO",
         [
            1,
            "9b"
         ],
         true
      ],
      [
         "TO",
         [
            1,
            "77"
         ],
         true
      ],
      [
         "TO",
         [
            1,
            "31"
         ],
         true
      ],
      [
         "RO",
         [
            127,
            "8a7dfefefefefefefefefefefefefefefefefefefefefefefefefefefefefefefefefefefefefefefefefefefefefefefefefefefefefefefefefefefefefefe ..."
         ]
      ],
      [
         "RF",
         [
            125,
            "0xfefefefefefefefefefefefefefefefefefefefefefefefefefefefefefefefefefefefefefefefefefefefefefefefefefefefefefefefefefefefefefefefe ..."
         ],
         10,
         true,
         0,
         false,
         null
      ],
      [
         "TF",
         [
            2,
            "0x03e8"
         ],
         8,
         true,
         0,
         "34228dc4",
         null,
         null,
         false
      ],
      [
         "TO",
         [
            8,
            "888234228dc437ca"
         ],
         false
      ],
      [
         "RO",
         [
            4,
            "880203e8"
         ]
      ],
      [
         "RF",
         [
            2,
            "0x03e8"
         ],
         8,
         true,
         0,
         false,
         null
      ]
   ]
}