{
   "agent": "TesteeServer",
   "behavior": "OK",
   "behaviorClose": "OK",
   "case": 303,
   "closedByMe": true,
   "createStats": true,
   "createWirelog": true,
   "description": "Send text message with payload of length 65536 auto-fragmented with <b>autoFragmentSize = 1300</b>.",
   "droppedByMe": false,
   "duration": 350,
   "expectation": "Receive echo'ed text message (with payload as sent and transmitted frame counts as expected). Clean close with normal code.",
   "expected": {
      "OK": [
         [
            "message",
            "**************************************************************** ...",
            false
         ]
      ]
   },
   "expectedClose": {
      "closeCode": [
         1000
      ],
      "closedByMe": true,
      "requireClean": true
   },
   "failedByMe": false,
   "httpRequest": "GET / HTTP/1.1\r\nUser-Agent: AutobahnTestSuite/0.7.6-0.10.9\r\nHost: technikempire.com:80\r\nUpgrade: WebSocket\r\nConnection: Upgrade\r\nPragma: no-cache\r\nCache-Control: no-cache\r\nSec-WebSocket-Key: KMSAxFQigvTQdYB4JFhS3Q==\r\nSec-WebSocket-Version: 13\r\n\r\n",
   "httpResponse": "HTTP/1.1 101 Switching Protocols\r\nConnection: Upgrade\r\nDate: Wed, 18 Apr 2018 01:12:26 GMT\r\nServer: Kestrel\r\nUpgrade: websocket\r\nSec-WebSocket-Accept: Mq0kPEBChzipRItqCKCY5LJIvx8=\r\n\r\n",
   "id": "10.1.1",
   "isServer": false,
   "localCloseCode": 1000,
   "localCloseReason": null,
   "received": [
      [
         "message",
         "**************************************************************** ...",
         false
      ]
   ],
   "remoteCloseCode": 1000,
   "remoteCloseReason": null,
   "reportCompressionRatio": false,
   "reportTime": false,
   "result": "Actual events match at least one expected.",
   "resultClose": "Connection was properly closed",
   "rxFrameStats": {
      "0": 16,
      "1": 1,
      "8": 1
   },
   "rxOctetStats": {
      "4": 1,
      "183": 1,
      "7338": 1,
      "8760": 1,
      "10086": 1,
      "39420": 1
   },
   "started": "2018-04-18T01:12:26.793Z",
   "trafficStats": null,
   "txFrameStats": {
      "0": 50,
      "1": 1,
      "8": 1
   },
   "txOctetStats": {
      "8": 1,
      "246": 1,
      "544": 1,
      "1308": 50
   },
   "wasClean": true,
   "wasCloseHandshakeTimeout": false,
   "wasNotCleanReason": null,
   "wasOpenHandshakeTimeout": false,
   "wasServerConnectionDropTimeout": false,
   "wirelog": [
      [
         "TO",
         [
            246,
            "474554202f20485454502f312e310d0a557365722d4167656e743a204175746f6261686e5465737453756974652f302e372e362d302e31302e390d0a486f7374 ..."
         ],
         false
      ],
      [
         "RO",
         [
            183,
            "485454502f312e312031303120537769746368696e672050726f746f636f6c730d0a436f6e6e656374696f6e3a20557067726164650d0a446174653a20576564 ..."
         ]
      ],
      [
         "TF",
         [
            1300,
            "**************************************************************** ..."
         ],
         1,
         false,
         0,
         "86f3ccc2",
         null,
         null,
         false
      ],
      [
         "TO",
         [
            1308,
            "01fe051486f3ccc2acd9e6e8acd9e6e8acd9e6e8acd9e6e8acd9e6e8acd9e6e8acd9e6e8acd9e6e8acd9e6e8acd9e6e8acd9e6e8acd9e6e8acd9e6e8acd9e6e8 ..."
         ],
         false
      ],
      [
         "TF",
         [
            1300,
            "**************************************************************** ..."
         ],
         0,
         false,
         0,
         "87f165c0",
         null,
         null,
         false
      ],
      [
         "TO",
         [
            1308,
            "00fe051487f165c0addb4feaaddb4feaaddb4feaaddb4feaaddb4feaaddb4feaaddb4feaaddb4feaaddb4feaaddb4feaaddb4feaaddb4feaaddb4feaaddb4fea ..."
         ],
         false
      ],
      [
         "TF",
         [
            1300,
            "**************************************************************** ..."
         ],
         0,
         false,
         0,
         "21fe0c14",
         null,
         null,
         false
      ],
      [
         "TO",
         [
            1308,
            "00fe051421fe0c140bd4263e0bd4263e0bd4263e0bd4263e0bd4263e0bd4263e0bd4263e0bd4263e0bd4263e0bd4263e0bd4263e0bd4263e0bd4263e0bd4263e ..."
         ],
         false
      ],
      [
         "TF",
         [
            1300,
            "**************************************************************** ..."
         ],
         0,
         false,
         0,
         "4051312b",
         null,
         null,
         false
      ],
      [
         "TO",
         [
            1308,
            "00fe05144051312b6a7b1b016a7b1b016a7b1b016a7b1b016a7b1b016a7b1b016a7b1b016a7b1b016a7b1b016a7b1b016a7b1b016a7b1b016a7b1b016a7b1b01 ..."
         ],
         false
      ],
      [
         "TF",
         [
            1300,
            "**************************************************************** ..."
         ],
         0,
         false,
         0,
         "f5a02354",
         null,
         null,
         false
      ],
      [
         "TO",
         [
            1308,
            "00fe0514f5a02354df8a097edf8a097edf8a097edf8a097edf8a097edf8a097edf8a097edf8a097edf8a097edf8a097edf8a097edf8a097edf8a097edf8a097e ..."
         ],
         false
      ],
      [
         "TF",
         [
            1300,
            "**************************************************************** ..."
         ],
         0,
         false,
         0,
         "c697b781",
         null,
         null,
         false
      ],
      [
         "TO",
         [
            1308,
            "00fe0514c697b781ecbd9dabecbd9dabecbd9dabecbd9dabecbd9dabecbd9dabecbd9dabecbd9dabecbd9dabecbd9dabecbd9dabecbd9dabecbd9dabecbd9dab ..."
         ],
         false
      ],
      [
         "TF",
         [
            1300,
            "**************************************************************** ..."
         ],
         0,
         false,
         0,
         "ae5d1f08",
         null,
         null,
         false
      ],
      [
         "TO",
         [
            1308,
            "00fe0514ae5d1f088477352284773522847735228477352284773522847735228477352284773522847735228477352284773522847735228477352284773522 ..."
         ],
         false
      ],
      [
         "TF",
         [
            1300,
            "**************************************************************** ..."
         ],
         0,
         false,
         0,
         "1e8dc098",
         null,
         null,
         false
      ],
      [
         "TO",
         [
            1308,
            "00fe05141e8dc09834a7eab234a7eab234a7eab234a7eab234a7eab234a7eab234a7eab234a7eab234a7eab234a7eab234a7eab234a7eab234a7eab234a7eab2 ..."
         ],
         false
      ],
      [
         "TF",
         [
            1300,
            "**************************************************************** ..."
         ],
         0,
         false,
         0,
         "102aede8",
         null,
         null,
         false
      ],
      [
         "TO",
         [
            1308,
            "00fe0514102aede83a00c7c23a00c7c23a00c7c23a00c7c23a00c7c23a00c7c23a00c7c23a00c7c23a00c7c23a00c7c23a00c7c23a00c7c23a00c7c23a00c7c2 ..."
         ],
         false
      ],
      [
         "TF",
         [
            1300,
            "**************************************************************** ..."
         ],
         0,
         false,
         0,
         "f24e0240",
         null,
         null,
         false
      ],
      [
         "TO",
         [
            1308,
            "00fe0514f24e0240d864286ad864286ad864286ad864286ad864286ad864286ad864286ad864286ad864286ad864286ad864286ad864286ad864286ad864286a ..."
         ],
         false
      ],
      [
         "TF",
         [
            1300,
            "**************************************************************** ..."
         ],
         0,
         false,
         0,
         "cd5292d9",
         null,
         null,
         false
      ],
      [
         "TO",
         [
            1308,
            "00fe0514cd5292d9e778b8f3e778b8f3e778b8f3e778b8f3e778b8f3e778b8f3e778b8f3e778b8f3e778b8f3e778b8f3e778b8f3e778b8f3e778b8f3e778b8f3 ..."
         ],
         false
      ],
      [
         "TF",
         [
            1300,
            "**************************************************************** ..."
         ],
         0,
         false,
         0,
         "0eb9b096",
         null,
         null,
         false
      ],
      [
         "TO",
         [
            1308,
            "00fe05140eb9b09624939abc24939abc24939abc24939abc24939abc24939abc24939abc24939abc24939abc24939abc24939abc24939abc24939abc24939abc ..."
         ],
         false
      ],
      [
         "TF",
         [
            1300,
            "**************************************************************** ..."
         ],
         0,
         false,
         0,
         "b07e1e8c",
         null,
         null,
         false
      ],
      [
         "TO",
         [
            1308,
            "00fe0514b07e1e8c9a5434a69a5434a69a5434a69a5434a69a5434a69a5434a69a5434a69a5434a69a5434a69a5434a69a5434a69a5434a69a5434a69a5434a6 ..."
         ],
         false
      ],
      [
         "TF",
         [
            1300,
            "**************************************************************** ..."
         ],
         0,
         false,
         0,
         "a6725cc6",
         null,
         null,
         false
      ],
      [
         "TO",
         [
            1308,
            "00fe0514a6725cc68c5876ec8c5876ec8c5876ec8c5876ec8c5876ec8c5876ec8c5876ec8c5876ec8c5876ec8c5876ec8c5876ec8c5876ec8c5876ec8c5876ec ..."
         ],
         false
      ],
      [
         "TF",
         [
            1300,
            "**************************************************************** ..."
         ],
         0,
         false,
         0,
         "776d68af",
         null,
         null,
         false
      ],
      [
         "TO",
         [
            1308,
            "00fe0514776d68af5d4742855d4742855d4742855d4742855d4742855d4742855d4742855d4742855d4742855d4742855d4742855d4742855d4742855d474285 ..."
         ],
         false
      ],
      [
         "TF",
         [
            1300,
            "**************************************************************** ..."
         ],
         0,
         false,
         0,
         "b2297532",
         null,
         null,
         false
      ],
      [
         "TO",
         [
            1308,
            "00fe0514b229753298035f1898035f1898035f1898035f1898035f1898035f1898035f1898035f1898035f1898035f1898035f1898035f1898035f1898035f18 ..."
         ],
         false
      ],
      [
         "TF",
         [
            1300,
            "**************************************************************** ..."
         ],
         0,
         false,
         0,
         "dea4e4b9",
         null,
         null,
         false
      ],
      [
         "TO",
         [
            1308,
            "00fe0514dea4e4b9f48ece93f48ece93f48ece93f48ece93f48ece93f48ece93f48ece93f48ece93f48ece93f48ece93f48ece93f48ece93f48ece93f48ece93 ..."
         ],
         false
      ],
      [
         "TF",
         [
            1300,
            "**************************************************************** ..."
         ],
         0,
         false,
         0,
         "95dcc1b3",
         null,
         null,
         false
      ],
      [
         "TO",
         [
            1308,
            "00fe051495dcc1b3bff6eb99bff6eb99bff6eb99bff6eb99bff6eb99bff6eb99bff6eb99bff6eb99bff6eb99bff6eb99bff6eb99bff6eb99bff6eb99bff6eb99 ..."
         ],
         false
      ],
      [
         "TF",
         [
            1300,
            "**************************************************************** ..."
         ],
         0,
         false,
         0,
         "29bc9f81",
         null,
         null,
         false
      ],
      [
         "TO",
         [
            1308,
            "00fe051429bc9f810396b5ab0396b5ab0396b5ab0396b5ab0396b5ab0396b5ab0396b5ab0396b5ab0396b5ab0396b5ab0396b5ab0396b5ab0396b5ab0396b5ab ..."
         ],
         false
      ],
      [
         "TF",
         [
            1300,
            "**************************************************************** ..."
         ],
         0,
         false,
         0,
         "7cd8df66",
         null,
         null,
         false
      ],
      [
         "TO",
         [
            1308,
            "00fe05147cd8df6656f2f54c56f2f54c56f2f54c56f2f54c56f2f54c56f2f54c56f2f54c56f2f54c56f2f54c56f2f54c56f2f54c56f2f54c56f2f54c56f2f54c ..."
         ],
         false
      ],
      [
         "TF",
         [
            1300,
            "**************************************************************** ..."
         ],
         0,
         false,
         0,
         "39e1a2bf",
         null,
         null,
         false
      ],
      [
         "TO",
         [
            1308,
            "00fe051439e1a2bf13cb889513cb889513cb889513cb889513cb889513cb889513cb889513cb889513cb889513cb889513cb889513cb889513cb889513cb8895 ..."
         ],
         false
      ],
      [
         "TF",
         [
            1300,
            "**************************************************************** ..."
         ],
         0,
         false,
         0,
         "829680a5",
         null,
         null,
         false
      ],
      [
         "TO",
         [
            1308,
            "00fe0514829680a5a8bcaa8fa8bcaa8fa8bcaa8fa8bcaa8fa8bcaa8fa8bcaa8fa8bcaa8fa8bcaa8fa8bcaa8fa8bcaa8fa8bcaa8fa8bcaa8fa8bcaa8fa8bcaa8f ..."
         ],
         false
      ],
      [
         "TF",
         [
            1300,
            "**************************************************************** ..."
         ],
         0,
         false,
         0,
         "df41dfdf",
         null,
         null,
         false
      ],
      [
         "TO",
         [
            1308,
            "00fe0514df41dfdff56bf5f5f56bf5f5f56bf5f5f56bf5f5f56bf5f5f56bf5f5f56bf5f5f56bf5f5f56bf5f5f56bf5f5f56bf5f5f56bf5f5f56bf5f5f56bf5f5 ..."
         ],
         false
      ],
      [
         "TF",
         [
            1300,
            "**************************************************************** ..."
         ],
         0,
         false,
         0,
         "4b543658",
         null,
         null,
         false
      ],
      [
         "TO",
         [
            1308,
            "00fe05144b543658617e1c72617e1c72617e1c72617e1c72617e1c72617e1c72617e1c72617e1c72617e1c72617e1c72617e1c72617e1c72617e1c72617e1c72 ..."
         ],
         false
      ],
      [
         "TF",
         [
            1300,
            "**************************************************************** ..."
         ],
         0,
         false,
         0,
         "4014ddbe",
         null,
         null,
         false
      ],
      [
         "TO",
         [
            1308,
            "00fe05144014ddbe6a3ef7946a3ef7946a3ef7946a3ef7946a3ef7946a3ef7946a3ef7946a3ef7946a3ef7946a3ef7946a3ef7946a3ef7946a3ef7946a3ef794 ..."
         ],
         false
      ],
      [
         "TF",
         [
            1300,
            "**************************************************************** ..."
         ],
         0,
         false,
         0,
         "4cfcb4b9",
         null,
         null,
         false
      ],
      [
         "TO",
         [
            1308,
            "00fe05144cfcb4b966d69e9366d69e9366d69e9366d69e9366d69e9366d69e9366d69e9366d69e9366d69e9366d69e9366d69e9366d69e9366d69e9366d69e93 ..."
         ],
         false
      ],
      [
         "TF",
         [
            1300,
            "**************************************************************** ..."
         ],
         0,
         false,
         0,
         "d21ddd0d",
         null,
         null,
         false
      ],
      [
         "TO",
         [
            1308,
            "00fe0514d21ddd0df837f727f837f727f837f727f837f727f837f727f837f727f837f727f837f727f837f727f837f727f837f727f837f727f837f727f837f727 ..."
         ],
         false
      ],
      [
         "TF",
         [
            1300,
            "**************************************************************** ..."
         ],
         0,
         false,
         0,
         "df318089",
         null,
         null,
         false
      ],
      [
         "TO",
         [
            1308,
            "00fe0514df318089f51baaa3f51baaa3f51baaa3f51baaa3f51baaa3f51baaa3f51baaa3f51baaa3f51baaa3f51baaa3f51baaa3f51baaa3f51baaa3f51baaa3 ..."
         ],
         false
      ],
      [
         "TF",
         [
            1300,
            "**************************************************************** ..."
         ],
         0,
         false,
         0,
         "122c786c",
         null,
         null,
         false
      ],
      [
         "TO",
         [
            1308,
            "00fe0514122c786c3806524638065246380652463806524638065246380652463806524638065246380652463806524638065246380652463806524638065246 ..."
         ],
         false
      ],
      [
         "TF",
         [
            1300,
            "**************************************************************** ..."
         ],
         0,
         false,
         0,
         "fb5e9b33",
         null,
         null,
         false
      ],
      [
         "TO",
         [
            1308,
            "00fe0514fb5e9b33d174b119d174b119d174b119d174b119d174b119d174b119d174b119d174b119d174b119d174b119d174b119d174b119d174b119d174b119 ..."
         ],
         false
      ],
      [
         "TF",
         [
            1300,
            "**************************************************************** ..."
         ],
         0,
         false,
         0,
         "c1357ebb",
         null,
         null,
         false
      ],
      [
         "TO",
         [
            1308,
            "00fe0514c1357ebbeb1f5491eb1f5491eb1f5491eb1f5491eb1f5491eb1f5491eb1f5491eb1f5491eb1f5491eb1f5491eb1f5491eb1f5491eb1f5491eb1f5491 ..."
         ],
         false
      ],
      [
         "TF",
         [
            1300,
            "**************************************************************** ..."
         ],
         0,
         false,
         0,
         "90220a58",
         null,
         null,
         false
      ],
      [
         "TO",
         [
            1308,
            "00fe051490220a58ba082072ba082072ba082072ba082072ba082072ba082072ba082072ba082072ba082072ba082072ba082072ba082072ba082072ba082072 ..."
         ],
         false
      ],
      [
         "TF",
         [
            1300,
            "**************************************************************** ..."
         ],
         0,
         false,
         0,
         "26053104",
         null,
         null,
         false
      ],
      [
         "TO",
         [
            1308,
            "00fe0514260531040c2f1b2e0c2f1b2e0c2f1b2e0c2f1b2e0c2f1b2e0c2f1b2e0c2f1b2e0c2f1b2e0c2f1b2e0c2f1b2e0c2f1b2e0c2f1b2e0c2f1b2e0c2f1b2e ..."
         ],
         false
      ],
      [
         "TF",
         [
            1300,
            "**************************************************************** ..."
         ],
         0,
         false,
         0,
         "00d0cb02",
         null,
         null,
         false
      ],
      [
         "TO",
         [
            1308,
            "00fe051400d0cb022afae1282afae1282afae1282afae1282afae1282afae1282afae1282afae1282afae1282afae1282afae1282afae1282afae1282afae128 ..."
         ],
         false
      ],
      [
         "TF",
         [
            1300,
            "**************************************************************** ..."
         ],
         0,
         false,
         0,
         "655540f7",
         null,
         null,
         false
      ],
      [
         "TO",
         [
            1308,
            "00fe0514655540f74f7f6add4f7f6add4f7f6add4f7f6add4f7f6add4f7f6add4f7f6add4f7f6add4f7f6add4f7f6add4f7f6add4f7f6add4f7f6add4f7f6add ..."
         ],
         false
      ],
      [
         "TF",
         [
            1300,
            "**************************************************************** ..."
         ],
         0,
         false,
         0,
         "6ab5344a",
         null,
         null,
         false
      ],
      [
         "TO",
         [
            1308,
            "00fe05146ab5344a409f1e60409f1e60409f1e60409f1e60409f1e60409f1e60409f1e60409f1e60409f1e60409f1e60409f1e60409f1e60409f1e60409f1e60 ..."
         ],
         false
      ],
      [
         "TF",
         [
            1300,
            "**************************************************************** ..."
         ],
         0,
         false,
         0,
         "19c021a7",
         null,
         null,
         false
      ],
      [
         "TO",
         [
            1308,
            "00fe051419c021a733ea0b8d33ea0b8d33ea0b8d33ea0b8d33ea0b8d33ea0b8d33ea0b8d33ea0b8d33ea0b8d33ea0b8d33ea0b8d33ea0b8d33ea0b8d33ea0b8d ..."
         ],
         false
      ],
      [
         "TF",
         [
            1300,
            "**************************************************************** ..."
         ],
         0,
         false,
         0,
         "f6d600bc",
         null,
         null,
         false
      ],
      [
         "TO",
         [
            1308,
            "00fe0514f6d600bcdcfc2a96dcfc2a96dcfc2a96dcfc2a96dcfc2a96dcfc2a96dcfc2a96dcfc2a96dcfc2a96dcfc2a96dcfc2a96dcfc2a96dcfc2a96dcfc2a96 ..."
         ],
         false
      ],
      [
         "TF",
         [
            1300,
            "**************************************************************** ..."
         ],
         0,
         false,
         0,
         "0b2ec8a5",
         null,
         null,
         false
      ],
      [
         "TO",
         [
            1308,
            "00fe05140b2ec8a52104e28f2104e28f2104e28f2104e28f2104e28f2104e28f2104e28f2104e28f2104e28f2104e28f2104e28f2104e28f2104e28f2104e28f ..."
         ],
         false
      ],
      [
         "TF",
         [
            1300,
            "**************************************************************** ..."
         ],
         0,
         false,
         0,
         "80f070ce",
         null,
         null,
         false
      ],
      [
         "TO",
         [
            1308,
            "00fe051480f070ceaada5ae4aada5ae4aada5ae4aada5ae4aada5ae4aada5ae4aada5ae4aada5ae4aada5ae4aada5ae4aada5ae4aada5ae4aada5ae4aada5ae4 ..."
         ],
         false
      ],
      [
         "TF",
         [
            1300,
            "**************************************************************** ..."
         ],
         0,
         false,
         0,
         "db279515",
         null,
         null,
         false
      ],
      [
         "TO",
         [
            1308,
            "00fe0514db279515f10dbf3ff10dbf3ff10dbf3ff10dbf3ff10dbf3ff10dbf3ff10dbf3ff10dbf3ff10dbf3ff10dbf3ff10dbf3ff10dbf3ff10dbf3ff10dbf3f ..."
         ],
         false
      ],
      [
         "TF",
         [
            1300,
            "**************************************************************** ..."
         ],
         0,
         false,
         0,
         "d39ac087",
         null,
         null,
         false
      ],
      [
         "TO",
         [
            1308,
            "00fe0514d39ac087f9b0eaadf9b0eaadf9b0eaadf9b0eaadf9b0eaadf9b0eaadf9b0eaadf9b0eaadf9b0eaadf9b0eaadf9b0eaadf9b0eaadf9b0eaadf9b0eaad ..."
         ],
         false
      ],
      [
         "TF",
         [
            1300,
            "**************************************************************** ..."
         ],
         0,
         false,
         0,
         "354c220f",
         null,
         null,
         false
      ],
      [
         "TO",
         [
            1308,
            "00fe0514354c220f1f6608251f6608251f6608251f6608251f6608251f6608251f6608251f6608251f6608251f6608251f6608251f6608251f6608251f660825 ..."
         ],
         false
      ],
      [
         "TF",
         [
            1300,
            "**************************************************************** ..."
         ],
         0,
         false,
         0,
         "ab11840a",
         null,
         null,
         false
      ],
      [
         "TO",
         [
            1308,
            "00fe0514ab11840a813bae20813bae20813bae20813bae20813bae20813bae20813bae20813bae20813bae20813bae20813bae20813bae20813bae20813bae20 ..."
         ],
         false
      ],
      [
         "TF",
         [
            1300,
            "**************************************************************** ..."
         ],
         0,
         false,
         0,
         "957efba3",
         null,
         null,
         false
      ],
      [
         "TO",
         [
            1308,
            "00fe0514957efba3bf54d189bf54d189bf54d189bf54d189bf54d189bf54d189bf54d189bf54d189bf54d189bf54d189bf54d189bf54d189bf54d189bf54d189 ..."
         ],
         false
      ],
      [
         "TF",
         [
            1300,
            "**************************************************************** ..."
         ],
         0,
         false,
         0,
         "be82677a",
         null,
         null,
         false
      ],
      [
         "TO",
         [
            1308,
            "00fe0514be82677a94a84d5094a84d5094a84d5094a84d5094a84d5094a84d5094a84d5094a84d5094a84d5094a84d5094a84d5094a84d5094a84d5094a84d50 ..."
         ],
         false
      ],
      [
         "TF",
         [
            1300,
            "**************************************************************** ..."
         ],
         0,
         false,
         0,
         "f46ba879",
         null,
         null,
         false
      ],
      [
         "TO",
         [
            1308,
            "00fe0514f46ba879de418253de418253de418253de418253de418253de418253de418253de418253de418253de418253de418253de418253de418253de418253 ..."
         ],
         false
      ],
      [
         "TF",
         [
            1300,
            "**************************************************************** ..."
         ],
         0,
         false,
         0,
         "2e3ee9dc",
         null,
         null,
         false
      ],
      [
         "TO",
         [
            1308,
            "00fe05142e3ee9dc0414c3f60414c3f60414c3f60414c3f60414c3f60414c3f60414c3f60414c3f60414c3f60414c3f60414c3f60414c3f60414c3f60414c3f6 ..."
         ],
         false
      ],
      [
         "TF",
         [
            1300,
            "**************************************************************** ..."
         ],
         0,
         false,
         0,
         "e9598235",
         null,
         null,
         false
      ],
      [
         "TO",
         [
            1308,
            "00fe0514e9598235c373a81fc373a81fc373a81fc373a81fc373a81fc373a81fc373a81fc373a81fc373a81fc373a81fc373a81fc373a81fc373a81fc373a81f ..."
         ],
         false
      ],
      [
         "TF",
         [
            1300,
            "**************************************************************** ..."
         ],
         0,
         false,
         0,
         "0b2b3425",
         null,
         null,
         false
      ],
      [
         "TO",
         [
            1308,
            "00fe05140b2b342521011e0f21011e0f21011e0f21011e0f21011e0f21011e0f21011e0f21011e0f21011e0f21011e0f21011e0f21011e0f21011e0f21011e0f ..."
         ],
         false
      ],
      [
         "TF",
         [
            536,
            "**************************************************************** ..."
         ],
         0,
         true,
         0,
         "ff09d925",
         null,
         null,
         false
      ],
      [
         "TO",
         [
            544,
            "80fe0218ff09d925d523f30fd523f30fd523f30fd523f30fd523f30fd523f30fd523f30fd523f30fd523f30fd523f30fd523f30fd523f30fd523f30fd523f30f ..."
         ],
         false
      ],
      [
         "KL",
         10
      ],
      [
         "RO",
         [
            39420,
            "017e10002a2a2a2a2a2a2a2a2a2a2a2a2a2a2a2a2a2a2a2a2a2a2a2a2a2a2a2a2a2a2a2a2a2a2a2a2a2a2a2a2a2a2a2a2a2a2a2a2a2a2a2a2a2a2a2a2a2a2a2a ..."
         ]
      ],
      [
         "RF",
         [
            4096,
            "**************************************************************** ..."
         ],
         1,
         false,
         0,
         false,
         null
      ],
      [
         "RF",
         [
            4096,
            "**************************************************************** ..."
         ],
         0,
         false,
         0,
         false,
         null
      ],
      [
         "RF",
         [
            4096,
            "**************************************************************** ..."
         ],
         0,
         false,
         0,
         false,
         null
      ],
      [
         "RF",
         [
            4096,
            "**************************************************************** ..."
         ],
         0,
         false,
         0,
         false,
         null
      ],
      [
         "RF",
         [
            4096,
            "**************************************************************** ..."
         ],
         0,
         false,
         0,
         false,
         null
      ],
      [
         "RF",
         [
            4096,
            "**************************************************************** ..."
         ],
         0,
         false,
         0,
         false,
         null
      ],
      [
         "RF",
         [
            4096,
            "**************************************************************** ..."
         ],
         0,
         false,
         0,
         false,
         null
      ],
      [
         "RF",
         [
            4096,
            "**************************************************************** ..."
         ],
         0,
         false,
         0,
         false,
         null
      ],
      [
         "RF",
         [
            4096,
            "**************************************************************** ..."
         ],
         0,
         false,
         0,
         false,
         null
      ],
      [
         "RO",
         [
            7338,
            "2a2a2a2a2a2a2a2a2a2a2a2a2a2a2a2a2a2a2a2a2a2a2a2a2a2a2a2a2a2a2a2a2a2a2a2a2a2a2a2a2a2a2a2a2a2a2a2a2a2a2a2a2a2a2a2a2a2a2a2a2a2a2a2a ..."
         ]
      ],
      [
         "RF",
         [
            4096,
            "**************************************************************** ..."
         ],
         0,
         false,
         0,
         false,
         null
      ],
      [
         "RF",
         [
            4096,
            "**************************************************************** ..."
         ],
         0,
         false,
         0,
         false,
         null
      ],
      [
         "RF",
         [
            1654,
            "**************************************************************** ..."
         ],
         0,
         false,
         0,
         false,
         null
      ],
      [
         "RO",
         [
            8760,
            "007e10002a2a2a2a2a2a2a2a2a2a2a2a2a2a2a2a2a2a2a2a2a2a2a2a2a2a2a2a2a2a2a2a2a2a2a2a2a2a2a2a2a2a2a2a2a2a2a2a2a2a2a2a2a2a2a2a2a2a2a2a ..."
         ]
      ],
      [
         "RF",
         [
            4096,
            "**************************************************************** ..."
         ],
         0,
         false,
         0,
         false,
         null
      ],
      [
         "RF",
         [
            4096,
            "**************************************************************** ..."
         ],
         0,
         false,
         0,
         false,
         null
      ],
      [
         "RO",
         [
            10086,
            "2a2a2a2a2a2a2a2a2a2a2a2a2a2a2a2a2a2a2a2a2a2a2a2a2a2a2a2a2a2a2a2a2a2a2a2a2a2a2a2a2a2a2a2a2a2a2a2a2a2a2a2a2a2a2a2a2a2a2a2a2a2a2a2a ..."
         ]
      ],
      [
         "RF",
         [
            4096,
            "**************************************************************** ..."
         ],
         0,
         false,
         0,
         false,
         null
      ],
      [
         "RF",
         [
            4096,
            "**************************************************************** ..."
         ],
         0,
         false,
         0,
         false,
         null
      ],
      [
         "RF",
         [
            2442,
            "**************************************************************** ..."
         ],
         0,
         true,
         0,
         false,
         null
      ],
      [
         "TF",
         [
            2,
            "0x03e8"
         ],
         8,
         true,
         0,
         "d2d73847",
         null,
         null,
         false
      ],
      [
         "TO",
         [
            8,
            "8882d2d73847d13f"
         ],
         false
      ],
      [
         "RO",
         [
            4,
            "880203e8"
         ]
      ],
      [
         "RF",
         [
            2,
            "0x03e8"
         ],
         8,
         true,
         0,
         false,
         null
      ]
   ]
}